-- MariaDB dump 10.19  Distrib 10.6.12-MariaDB, for debian-linux-gnu (x86_64)
--
-- Host: localhost    Database: basdat
-- ------------------------------------------------------
-- Server version	10.6.12-MariaDB-0ubuntu0.22.04.1

/*!40101 SET @OLD_CHARACTER_SET_CLIENT=@@CHARACTER_SET_CLIENT */;
/*!40101 SET @OLD_CHARACTER_SET_RESULTS=@@CHARACTER_SET_RESULTS */;
/*!40101 SET @OLD_COLLATION_CONNECTION=@@COLLATION_CONNECTION */;
/*!40101 SET NAMES utf8mb4 */;
/*!40103 SET @OLD_TIME_ZONE=@@TIME_ZONE */;
/*!40103 SET TIME_ZONE='+00:00' */;
/*!40014 SET @OLD_UNIQUE_CHECKS=@@UNIQUE_CHECKS, UNIQUE_CHECKS=0 */;
/*!40014 SET @OLD_FOREIGN_KEY_CHECKS=@@FOREIGN_KEY_CHECKS, FOREIGN_KEY_CHECKS=0 */;
/*!40101 SET @OLD_SQL_MODE=@@SQL_MODE, SQL_MODE='NO_AUTO_VALUE_ON_ZERO' */;
/*!40111 SET @OLD_SQL_NOTES=@@SQL_NOTES, SQL_NOTES=0 */;

--
-- Table structure for table `dokter`
--

DROP TABLE IF EXISTS `dokter`;
/*!40101 SET @saved_cs_client     = @@character_set_client */;
/*!40101 SET character_set_client = utf8 */;
CREATE TABLE `dokter` (
  `id_dokter` int(11) NOT NULL,
  `spesialis` varchar(255) DEFAULT NULL,
  PRIMARY KEY (`id_dokter`),
  CONSTRAINT `dokter_ibfk_1` FOREIGN KEY (`id_dokter`) REFERENCES `panitia` (`id_panitia`)
) ENGINE=InnoDB DEFAULT CHARSET=utf8mb4 COLLATE=utf8mb4_general_ci;
/*!40101 SET character_set_client = @saved_cs_client */;

--
-- Dumping data for table `dokter`
--

LOCK TABLES `dokter` WRITE;
/*!40000 ALTER TABLE `dokter` DISABLE KEYS */;
INSERT INTO `dokter` VALUES (1,'Umum'),(4,'Spesialis Jiwa'),(7,'Spesialis Jiwa'),(10,'Kedokteran Olahraga'),(13,'Umum'),(16,'Kedokteran Olahraga'),(19,'Umum'),(22,'Kedokteran Olahraga'),(25,'Kedokteran Olahraga'),(28,'Umum'),(31,'Umum'),(34,'Umum'),(37,'Kedokteran Olahraga'),(40,'Umum'),(43,'Spesialis Jiwa'),(46,'Spesialis Jiwa'),(49,'Umum'),(52,'Spesialis Jiwa'),(55,'Kedokteran Olahraga'),(58,'Spesialis Jiwa');
/*!40000 ALTER TABLE `dokter` ENABLE KEYS */;
UNLOCK TABLES;

--
-- Table structure for table `jenis_seleksi`
--

DROP TABLE IF EXISTS `jenis_seleksi`;
/*!40101 SET @saved_cs_client     = @@character_set_client */;
/*!40101 SET character_set_client = utf8 */;
CREATE TABLE `jenis_seleksi` (
  `jenis_seleksi` enum('psikotes','kesehatan','wawancara') NOT NULL,
  `passing_grade` float unsigned DEFAULT NULL CHECK (`passing_grade` between 0 and 100),
  PRIMARY KEY (`jenis_seleksi`)
) ENGINE=InnoDB DEFAULT CHARSET=utf8mb4 COLLATE=utf8mb4_general_ci;
/*!40101 SET character_set_client = @saved_cs_client */;

--
-- Dumping data for table `jenis_seleksi`
--

LOCK TABLES `jenis_seleksi` WRITE;
/*!40000 ALTER TABLE `jenis_seleksi` DISABLE KEYS */;
INSERT INTO `jenis_seleksi` VALUES ('psikotes',80),('kesehatan',85),('wawancara',80);
/*!40000 ALTER TABLE `jenis_seleksi` ENABLE KEYS */;
UNLOCK TABLES;

--
-- Table structure for table `lampiran`
--

DROP TABLE IF EXISTS `lampiran`;
/*!40101 SET @saved_cs_client     = @@character_set_client */;
/*!40101 SET character_set_client = utf8 */;
CREATE TABLE `lampiran` (
  `id_lampiran` int(11) NOT NULL AUTO_INCREMENT,
  `link_file` varchar(255) DEFAULT NULL,
  `jenis_lampiran` varchar(255) DEFAULT NULL,
  `nama_file` varchar(255) DEFAULT NULL,
  `tanggal_unggah_file` date DEFAULT NULL,
  `id_mahasiswa` int(11) DEFAULT NULL,
  PRIMARY KEY (`id_lampiran`),
  UNIQUE KEY `link_file` (`link_file`),
  KEY `id_mahasiswa` (`id_mahasiswa`),
  CONSTRAINT `lampiran_ibfk_1` FOREIGN KEY (`id_mahasiswa`) REFERENCES `mahasiswa` (`id_mahasiswa`)
) ENGINE=InnoDB AUTO_INCREMENT=359 DEFAULT CHARSET=utf8mb4 COLLATE=utf8mb4_general_ci;
/*!40101 SET character_set_client = @saved_cs_client */;

--
-- Dumping data for table `lampiran`
--

LOCK TABLES `lampiran` WRITE;
/*!40000 ALTER TABLE `lampiran` DISABLE KEYS */;
INSERT INTO `lampiran` VALUES (1,'https://well-worn-exocrine.info','surat rekomendasi dosen','male_southeast_what.pdf','2023-02-19',1),(2,'http://polite-brush.info','transkrip nilai','soap_sheqel_communities.pdf','2023-02-21',1),(3,'http://ill-fated-misnomer.name','ijazah s1','sleek_florida.pdf','2023-02-26',2),(4,'https://worrisome-linseed.net','surat rekomendasi dosen','copy_deposit_refined.pdf','2023-03-21',2),(5,'https://scientific-festival.name','transkrip nilai','red.pdf','2023-03-21',3),(6,'http://happy-baggy.org','surat rekomendasi dosen','monitoring.pdf','2023-03-22',3),(7,'https://cautious-summary.biz','transkrip nilai','morph_man_grey.pdf','2023-02-14',4),(8,'https://gentle-resort.net','surat rekomendasi dosen','extended_weston_assistant.pdf','2023-03-19',5),(9,'http://secret-moody.info','transkrip nilai','tinley_nepal.pdf','2023-02-11',6),(10,'http://excited-plasterboard.name','ijazah s1','repurpose_south.pdf','2023-03-25',6),(11,'http://tense-chief.org','surat rekomendasi dosen','vanadium_direct.pdf','2023-03-04',7),(12,'http://sparse-commerce.org','ijazah s1','ipsam_avon.pdf','2023-03-05',7),(13,'http://perfumed-contest.info','ijazah s1','newton_overriding_semicircle.pdf','2023-04-08',8),(14,'https://slimy-venison.com','transkrip nilai','olive_handmade_jazz.pdf','2023-04-04',8),(15,'https://candid-receipt.biz','ijazah s1','conglomeration.pdf','2023-04-09',9),(16,'http://glass-petitioner.name','ijazah s1','electric_deposit.pdf','2023-03-24',10),(17,'http://excellent-warmth.org','ijazah s1','copying_tricycle.pdf','2023-03-27',11),(18,'http://sharp-dreamer.net','transkrip nilai','pickup_aggradation_pop.pdf','2023-03-09',11),(19,'http://helpful-declaration.net','ijazah s1','sedan.pdf','2023-03-22',12),(20,'https://intelligent-swan.biz','ijazah s1','dolor_algorithm.pdf','2023-02-20',13),(21,'http://extraneous-avalanche.net','transkrip nilai','trail.pdf','2023-03-25',14),(22,'https://soupy-banjo.net','surat rekomendasi dosen','siemens_bedfordshire_rubber.pdf','2023-03-06',15),(23,'http://keen-tournament.biz','surat rekomendasi dosen','optimistically_city_books.pdf','2023-03-27',16),(24,'http://limp-leap.info','ijazah s1','consultant.pdf','2023-04-05',17),(25,'https://striped-tug.info','surat rekomendasi dosen','illo_functionality.pdf','2023-03-13',18),(26,'https://apprehensive-metro.info','ijazah s1','failing.pdf','2023-03-21',18),(27,'http://each-yellow.biz','ijazah s1','mandatory_trumpet.pdf','2023-03-28',19),(28,'http://tubby-great-grandmother.info','ijazah s1','martin_east_account.pdf','2023-03-16',20),(29,'http://sticky-mastication.biz','ijazah s1','mint_although_program.pdf','2023-04-09',21),(30,'https://cold-illustration.org','transkrip nilai','concrete.pdf','2023-03-11',21),(31,'https://attractive-extension.name','surat rekomendasi dosen','genuine_encryption.pdf','2023-03-22',21),(32,'https://ethical-shoestring.info','ijazah s1','lest_fish_soft.pdf','2023-02-23',22),(33,'https://single-moonlight.name','transkrip nilai','west_connecting_payment.pdf','2023-03-08',22),(34,'http://outrageous-grandchild.org','surat rekomendasi dosen','highball_iridium_politely.pdf','2023-03-19',22),(35,'https://crushing-workbench.biz','ijazah s1','visionary_withdrawal_soap.pdf','2023-03-29',23),(36,'https://poised-sweater.info','transkrip nilai','incremental_assurance_steel.pdf','2023-04-04',23),(37,'http://linear-tattler.info','surat rekomendasi dosen','sausages.pdf','2023-03-29',23),(38,'https://alive-ball.info','ijazah s1','bifurcated_world.pdf','2023-02-25',24),(39,'http://lawful-synthesis.biz','transkrip nilai','east_guilder_northeast.pdf','2023-03-15',24),(40,'http://ill-fated-hobbit.net','surat rekomendasi dosen','pizza_ohm.pdf','2023-03-03',24),(41,'https://amazing-procurement.biz','ijazah s1','car_gray.pdf','2023-03-12',25),(42,'https://winding-hook.info','transkrip nilai','ip.pdf','2023-03-15',25),(43,'https://composed-kazoo.name','surat rekomendasi dosen','southwest_generating_executive.pdf','2023-02-28',25),(44,'http://jealous-cummerbund.org','ijazah s1','direct.pdf','2023-02-22',26),(45,'http://inexperienced-shoemaker.info','transkrip nilai','home_configurable_directives.pdf','2023-02-14',26),(46,'https://strident-equivalent.name','surat rekomendasi dosen','gasoline.pdf','2023-03-27',26),(47,'http://bruised-characteristic.net','ijazah s1','experiences_blue.pdf','2023-03-18',27),(48,'https://beloved-leap.net','transkrip nilai','market.pdf','2023-03-25',27),(49,'https://defiant-weapon.info','surat rekomendasi dosen','program_base_rupee.pdf','2023-03-29',27),(50,'https://adorable-stockings.org','ijazah s1','rss.pdf','2023-03-22',28),(51,'https://adorable-keep.net','transkrip nilai','volvo_after_fiat.pdf','2023-03-15',28),(52,'https://damp-fibrosis.biz','surat rekomendasi dosen','soul.pdf','2023-03-03',28),(53,'https://orange-tool.net','ijazah s1','southwest_yellow_west.pdf','2023-04-05',29),(54,'https://jumbo-roster.info','transkrip nilai','female.pdf','2023-02-27',29),(55,'https://married-eyelid.name','surat rekomendasi dosen','farm_recumbent_overriding.pdf','2023-03-04',29),(56,'http://tragic-incubation.biz','ijazah s1','tuna_iusto.pdf','2023-03-30',30),(57,'https://cooked-theater.net','transkrip nilai','division_pixel.pdf','2023-02-22',30),(58,'https://aromatic-confusion.biz','surat rekomendasi dosen','rap.pdf','2023-03-23',30),(59,'http://virtual-glue.name','ijazah s1','gender.pdf','2023-04-01',31),(60,'http://unpleasant-chassis.biz','transkrip nilai','program_plum.pdf','2023-02-19',31),(61,'http://spry-pilgrimage.org','surat rekomendasi dosen','incredible_plum_loan.pdf','2023-04-01',31),(62,'http://showy-tiara.info','ijazah s1','programming_withdrawal.pdf','2023-03-25',32),(63,'http://fearful-calm.name','transkrip nilai','indigo.pdf','2023-03-03',32),(64,'https://colossal-referendum.info','surat rekomendasi dosen','ssd.pdf','2023-02-08',32),(65,'https://meaty-senator.net','ijazah s1','limply_crew.pdf','2023-02-26',33),(66,'http://awesome-malice.name','transkrip nilai','north.pdf','2023-04-02',33),(67,'http://unusual-stepping-stone.name','surat rekomendasi dosen','vincent_decentralized.pdf','2023-02-19',33),(68,'http://colossal-quotation.biz','ijazah s1','web_balanced_bacon.pdf','2023-03-07',34),(69,'https://reasonable-scam.net','transkrip nilai','however_north_marketing.pdf','2023-03-05',34),(70,'http://valid-snowman.com','surat rekomendasi dosen','colorful_west_actuating.pdf','2023-02-18',34),(71,'https://trusting-olive.info','ijazah s1','save_southeast_empty.pdf','2023-02-12',35),(72,'https://humble-centurion.net','transkrip nilai','microchip_district_not.pdf','2023-02-24',35),(73,'http://guilty-crib.org','surat rekomendasi dosen','forest.pdf','2023-04-02',35),(74,'https://simple-equity.net','ijazah s1','models_planner_pickup.pdf','2023-03-04',36),(75,'http://square-cormorant.org','transkrip nilai','exe.pdf','2023-04-05',36),(76,'https://biodegradable-procurement.org','surat rekomendasi dosen','diaphragm_product_senger.pdf','2023-02-09',36),(77,'https://beloved-meteor.com','ijazah s1','specialist.pdf','2023-02-23',37),(78,'http://bruised-constraint.net','transkrip nilai','southeast.pdf','2023-04-02',37),(79,'http://polished-taxpayer.name','surat rekomendasi dosen','mindshare_bmw_woeful.pdf','2023-03-31',37),(80,'https://any-steward.com','ijazah s1','fritsch.pdf','2023-03-16',38),(81,'http://delirious-slash.name','transkrip nilai','funk_invoice.pdf','2023-02-23',38),(82,'https://whispered-penguin.com','surat rekomendasi dosen','frictionless_reluctantly.pdf','2023-03-12',38),(83,'http://expensive-type.biz','ijazah s1','bike.pdf','2023-02-21',39),(84,'http://sour-silkworm.org','transkrip nilai','iste_hybrid_deposit.pdf','2023-03-29',39),(85,'https://nautical-associate.name','surat rekomendasi dosen','pangender_neural.pdf','2023-03-19',39),(86,'https://slight-beaver.biz','ijazah s1','blues_berkshire.pdf','2023-04-03',40),(87,'https://worn-platter.com','transkrip nilai','sharable_loyally_why.pdf','2023-03-19',40),(88,'https://considerate-sanctuary.org','surat rekomendasi dosen','kazakhstan.pdf','2023-03-14',40),(89,'http://heavenly-antechamber.com','ijazah s1','central.pdf','2023-02-13',41),(90,'https://splendid-prosecutor.biz','transkrip nilai','road.pdf','2023-02-27',41),(91,'https://aware-newsstand.com','surat rekomendasi dosen','hm_neural_infrastructure.pdf','2023-03-13',41),(92,'http://used-mini-skirt.name','ijazah s1','connect_dong.pdf','2023-03-02',42),(93,'https://angelic-penny.net','transkrip nilai','program.pdf','2023-03-16',42),(94,'https://jittery-trading.info','surat rekomendasi dosen','luxurious_sky.pdf','2023-03-09',42),(95,'http://piercing-blessing.info','ijazah s1','bid.pdf','2023-03-20',43),(96,'https://extroverted-sash.net','transkrip nilai','white_jeep.pdf','2023-04-07',43),(97,'https://nocturnal-littleneck.biz','surat rekomendasi dosen','winged_south_technetium.pdf','2023-02-08',43),(98,'http://curly-gain.info','ijazah s1','ftm_cultivate.pdf','2023-02-09',44),(99,'https://embarrassed-marshmallow.info','transkrip nilai','diesel.pdf','2023-04-04',44),(100,'https://nocturnal-bronchitis.net','surat rekomendasi dosen','impactful.pdf','2023-03-22',44),(101,'http://rural-temporary.com','ijazah s1','gosh.pdf','2023-02-22',45),(102,'https://prickly-diffuse.net','transkrip nilai','plus.pdf','2023-02-15',45),(103,'http://wavy-colonisation.info','surat rekomendasi dosen','practical.pdf','2023-02-24',45),(104,'http://original-tradition.biz','ijazah s1','pride.pdf','2023-03-06',46),(105,'https://prize-paddock.com','transkrip nilai','implement_tennessee_heavenly.pdf','2023-03-13',46),(106,'https://smooth-accomplishment.biz','surat rekomendasi dosen','ocr.pdf','2023-03-21',46),(107,'http://daring-editing.com','ijazah s1','solid.pdf','2023-03-16',47),(108,'http://regal-investigation.biz','transkrip nilai','maroon.pdf','2023-02-20',47),(109,'http://prime-crepe.info','surat rekomendasi dosen','rich_afghani.pdf','2023-02-15',47),(110,'http://careful-bonnet.net','ijazah s1','manager_sausages.pdf','2023-02-14',48),(111,'http://spirited-dust.info','transkrip nilai','pink_faroe.pdf','2023-03-28',48),(112,'https://lazy-lumber.name','surat rekomendasi dosen','hybrid_dynamic.pdf','2023-03-20',48),(113,'https://personal-gum.com','ijazah s1','recycled.pdf','2023-02-23',49),(114,'https://mean-racer.com','transkrip nilai','central.pdf','2023-03-24',49),(115,'https://different-velocity.info','surat rekomendasi dosen','excitedly.pdf','2023-03-24',49),(116,'https://impeccable-buggy.name','ijazah s1','minivan.pdf','2023-02-25',50),(117,'https://whirlwind-citizenship.biz','transkrip nilai','metal_extensible.pdf','2023-03-10',50),(118,'http://winding-whirlwind.info','surat rekomendasi dosen','reluctance_market.pdf','2023-02-15',50),(119,'https://agitated-potty.biz','ijazah s1','deploy_redundant_up.pdf','2023-03-19',51),(120,'http://shadowy-tamale.name','transkrip nilai','volvo_electric_networks.pdf','2023-03-09',51),(121,'http://admirable-curio.info','surat rekomendasi dosen','recycled.pdf','2023-03-12',51),(122,'https://winged-notepad.name','ijazah s1','joule_lauderdale_metal.pdf','2023-03-27',52),(123,'https://husky-lottery.com','transkrip nilai','systemic_indigo_frozen.pdf','2023-04-02',52),(124,'https://entire-going.net','surat rekomendasi dosen','1080p_chicken_cargo.pdf','2023-03-08',52),(125,'http://juicy-difficulty.net','ijazah s1','tremendously_1080p_south.pdf','2023-02-23',53),(126,'http://edible-father-in-law.com','transkrip nilai','whose_royce_awesome.pdf','2023-03-10',53),(127,'http://suspicious-comestible.com','surat rekomendasi dosen','refined_bicycle_recycled.pdf','2023-02-24',53),(128,'http://modern-patina.biz','ijazah s1','academics.pdf','2023-02-11',54),(129,'https://impressionable-mythology.net','transkrip nilai','hampshire.pdf','2023-02-18',54),(130,'https://kosher-corn.biz','surat rekomendasi dosen','smtp_protocol.pdf','2023-04-06',54),(131,'https://spotted-adrenaline.net','ijazah s1','man.pdf','2023-03-23',55),(132,'http://right-brood.name','transkrip nilai','dynamic_architect.pdf','2023-03-02',55),(133,'https://tan-sanctuary.biz','surat rekomendasi dosen','tenetur_solutions_state.pdf','2023-03-15',55),(134,'http://plump-geek.org','ijazah s1','motivating_how_reggae.pdf','2023-03-29',56),(135,'http://punctual-roof.name','transkrip nilai','avon_ssd_cambridgeshire.pdf','2023-03-28',56),(136,'https://considerate-vibe.biz','surat rekomendasi dosen','crist_schmitt_cfa.pdf','2023-02-12',56),(137,'http://idealistic-triad.com','ijazah s1','associate_yellow.pdf','2023-04-05',57),(138,'http://questionable-veto.name','transkrip nilai','handcrafted_northeast_error.pdf','2023-03-11',57),(139,'http://bowed-sand.biz','surat rekomendasi dosen','buckinghamshire_tail.pdf','2023-03-16',57),(140,'https://wavy-angle.org','ijazah s1','bespoke_tolerance_concrete.pdf','2023-03-13',58),(141,'https://unfinished-consonant.com','transkrip nilai','northwest_electric.pdf','2023-02-23',58),(142,'https://venerated-remnant.info','surat rekomendasi dosen','on_interface.pdf','2023-03-05',58),(143,'https://late-tuber.name','ijazah s1','lanthanum_bronze_delaware.pdf','2023-03-14',59),(144,'https://overlooked-bondsman.info','transkrip nilai','rubber_maroon_secured.pdf','2023-04-07',59),(145,'http://gray-tomography.com','surat rekomendasi dosen','system_awesome.pdf','2023-03-29',59),(146,'http://faraway-number.org','ijazah s1','anti_franc.pdf','2023-03-28',60),(147,'https://colorless-relaxation.biz','transkrip nilai','collaborative.pdf','2023-03-07',60),(148,'https://better-rotation.info','surat rekomendasi dosen','electric_frozen.pdf','2023-03-04',60),(149,'https://soggy-stockings.net','ijazah s1','port_female.pdf','2023-03-28',61),(150,'https://perfect-hiccups.biz','transkrip nilai','deliverables_warmly.pdf','2023-02-28',61),(151,'http://fragrant-ignorance.net','surat rekomendasi dosen','country_archives_supervisor.pdf','2023-02-20',61),(152,'https://wild-reform.biz','ijazah s1','nepal.pdf','2023-03-10',62),(153,'http://striking-fairness.biz','transkrip nilai','protocol_alias_ball.pdf','2023-03-08',62),(154,'https://piercing-shoemaker.com','surat rekomendasi dosen','bravely_overriding_coordinator.pdf','2023-02-19',62),(155,'http://competent-safeguard.name','ijazah s1','cargo.pdf','2023-02-26',63),(156,'http://sugary-ficlet.biz','transkrip nilai','violet.pdf','2023-03-14',63),(157,'https://slushy-component.net','surat rekomendasi dosen','specialist_however_recontextualize.pdf','2023-02-17',63),(158,'https://coarse-randomisation.org','ijazah s1','monitoring.pdf','2023-04-05',64),(159,'https://starchy-steak.biz','transkrip nilai','steamroller.pdf','2023-04-04',64),(160,'https://frugal-article.com','surat rekomendasi dosen','dns_female.pdf','2023-02-24',64),(161,'http://virtual-cube.biz','ijazah s1','withdrawal_northeast_marketing.pdf','2023-03-27',65),(162,'http://political-emission.info','transkrip nilai','tan_female.pdf','2023-03-20',65),(163,'http://fancy-cardigan.info','surat rekomendasi dosen','program_access_payment.pdf','2023-03-10',65),(164,'https://elderly-fishbone.info','ijazah s1','pro.pdf','2023-02-12',66),(165,'https://lumpy-bankruptcy.biz','transkrip nilai','incentivize_carbon.pdf','2023-03-29',66),(166,'http://partial-overflight.info','surat rekomendasi dosen','product_green.pdf','2023-03-14',66),(167,'https://puzzled-youth.org','ijazah s1','dibbert.pdf','2023-02-24',67),(168,'http://stunning-quotation.name','transkrip nilai','fish_invoice_gee.pdf','2023-02-16',67),(169,'http://even-hotdog.biz','surat rekomendasi dosen','southeast_copying.pdf','2023-02-27',67),(170,'http://spanish-tourist.biz','ijazah s1','electric.pdf','2023-02-26',68),(171,'http://cute-fishing.name','transkrip nilai','sidestream_diesel.pdf','2023-02-22',68),(172,'http://long-term-crap.com','surat rekomendasi dosen','intermediate_diesel_west.pdf','2023-03-24',68),(173,'https://ultimate-walkway.net','ijazah s1','ampere_compromise_copper.pdf','2023-03-15',69),(174,'https://phony-child.biz','transkrip nilai','redundant_5th.pdf','2023-02-21',69),(175,'https://lovable-wombat.net','surat rekomendasi dosen','table_missouri.pdf','2023-02-23',69),(176,'http://terrific-nationality.name','ijazah s1','variant.pdf','2023-02-11',70),(177,'http://multicolored-ringworm.info','transkrip nilai','back.pdf','2023-04-06',70),(178,'https://beloved-fear.name','surat rekomendasi dosen','metamorphose_quidem_cargo.pdf','2023-03-16',70),(179,'https://snappy-quarter.com','ijazah s1','male.pdf','2023-03-22',71),(180,'http://front-blog.name','transkrip nilai','brand_mini_reunion.pdf','2023-04-05',71),(181,'http://untidy-cue.net','surat rekomendasi dosen','gasoline_parse.pdf','2023-02-25',71),(182,'https://obedient-crumb.biz','ijazah s1','holmium.pdf','2023-03-20',72),(183,'http://sarcastic-curl.org','transkrip nilai','texas_navigating.pdf','2023-03-04',72),(184,'http://sophisticated-cream.net','surat rekomendasi dosen','quisquam.pdf','2023-03-17',72),(185,'https://bad-setting.org','ijazah s1','architectures_interface.pdf','2023-03-02',73),(186,'http://square-placement.net','transkrip nilai','inasmuch_mint.pdf','2023-03-24',73),(187,'http://neat-solidity.info','surat rekomendasi dosen','wage.pdf','2023-03-08',73),(188,'http://secret-venture.biz','ijazah s1','systematic.pdf','2023-03-15',74),(189,'https://grave-bathrobe.org','transkrip nilai','gender_engineer_congo.pdf','2023-02-19',74),(190,'http://spirited-bronco.biz','surat rekomendasi dosen','gold.pdf','2023-02-28',74),(191,'https://accurate-minion.org','ijazah s1','web_drab.pdf','2023-03-16',75),(192,'http://exotic-industrialisation.info','transkrip nilai','productize_pula.pdf','2023-03-14',75),(193,'http://insubstantial-poll.org','surat rekomendasi dosen','urgency.pdf','2023-03-24',75),(194,'https://bossy-editorial.com','ijazah s1','rapids_latin.pdf','2023-03-18',76),(195,'http://hurtful-cliff.name','transkrip nilai','awesome.pdf','2023-02-19',76),(196,'http://deep-reverse.name','surat rekomendasi dosen','male_security.pdf','2023-02-24',76),(197,'https://frugal-instance.org','ijazah s1','compelling.pdf','2023-03-06',77),(198,'http://hurtful-supporter.com','transkrip nilai','minivan_northwest_staid.pdf','2023-03-24',77),(199,'https://pushy-character.com','surat rekomendasi dosen','nor.pdf','2023-02-23',77),(200,'https://thrifty-octet.info','ijazah s1','west_pink_m2f.pdf','2023-02-24',78),(201,'https://sardonic-packaging.name','transkrip nilai','diesel.pdf','2023-02-25',78),(202,'http://yellow-variation.biz','surat rekomendasi dosen','stewart.pdf','2023-03-21',78),(203,'https://responsible-undertaker.org','ijazah s1','leverage.pdf','2023-02-17',79),(204,'https://adept-elver.com','transkrip nilai','meadows.pdf','2023-02-24',79),(205,'https://hearty-myth.name','surat rekomendasi dosen','empower_input.pdf','2023-02-17',79),(206,'http://chief-dispatch.com','ijazah s1','inside_boohoo_payment.pdf','2023-04-03',80),(207,'http://considerate-sunglasses.biz','transkrip nilai','calculate_virtual_considering.pdf','2023-02-23',80),(208,'http://agile-spending.org','surat rekomendasi dosen','alongside_clothing_models.pdf','2023-04-04',80),(209,'https://glaring-batter.biz','ijazah s1','cotton.pdf','2023-03-24',81),(210,'http://stable-ridge.name','transkrip nilai','generate_refined_unfortunately.pdf','2023-02-23',81),(211,'https://neat-narrative.biz','surat rekomendasi dosen','south.pdf','2023-04-04',81),(212,'http://possible-shorts.net','ijazah s1','chips_iure.pdf','2023-04-07',82),(213,'https://married-manipulation.name','transkrip nilai','abilene_brand_west.pdf','2023-03-22',82),(214,'http://wilted-karate.org','surat rekomendasi dosen','bran_nemo.pdf','2023-02-11',82),(215,'https://inexperienced-monitor.com','ijazah s1','markets.pdf','2023-03-19',83),(216,'http://exhausted-gossip.net','transkrip nilai','omnis_eius_electric.pdf','2023-02-10',83),(217,'http://windy-crush.net','surat rekomendasi dosen','strategic.pdf','2023-02-21',83),(218,'http://alive-fundraising.net','ijazah s1','accounts_east.pdf','2023-03-09',84),(219,'http://sticky-timer.net','transkrip nilai','scotch.pdf','2023-03-24',84),(220,'http://advanced-margarine.info','surat rekomendasi dosen','olive_account.pdf','2023-02-12',84),(221,'http://internal-noodles.name','ijazah s1','primary.pdf','2023-03-03',85),(222,'http://spotless-hawk.info','transkrip nilai','peso.pdf','2023-03-18',85),(223,'http://petty-fondue.org','surat rekomendasi dosen','visionary_data.pdf','2023-03-09',85),(224,'https://querulous-grab-bag.name','ijazah s1','trusting.pdf','2023-03-26',86),(225,'https://winged-sundial.biz','transkrip nilai','highly_convertible.pdf','2023-04-07',86),(226,'http://infantile-grandson.biz','surat rekomendasi dosen','northeast_account_outdoors.pdf','2023-03-06',86),(227,'https://diligent-snorer.info','ijazah s1','encoding_west_bus.pdf','2023-03-31',87),(228,'http://marvelous-warrior.com','transkrip nilai','woman_rich_north.pdf','2023-02-13',87),(229,'https://lone-weekender.biz','surat rekomendasi dosen','copy_south.pdf','2023-03-11',87),(230,'https://kindhearted-verdict.net','ijazah s1','channels_invoice_tactics.pdf','2023-03-06',88),(231,'https://deep-toffee.biz','transkrip nilai','invoice_vortals_capacitor.pdf','2023-03-31',88),(232,'http://far-orator.biz','surat rekomendasi dosen','eyeballs_oxygen.pdf','2023-02-18',88),(233,'http://decimal-decadence.info','ijazah s1','southwest_hafnium_south.pdf','2023-02-18',89),(234,'http://weird-sanction.com','transkrip nilai','unto.pdf','2023-02-17',89),(235,'http://ringed-saddle.com','surat rekomendasi dosen','till_southeast.pdf','2023-02-08',89),(236,'https://gleeful-institute.org','ijazah s1','trigender_delaware.pdf','2023-04-06',90),(237,'http://pricey-monasticism.name','transkrip nilai','computers_west.pdf','2023-04-03',90),(238,'https://bite-sized-major-league.biz','surat rekomendasi dosen','clifton.pdf','2023-02-20',90),(239,'https://stiff-product.info','ijazah s1','global.pdf','2023-03-10',91),(240,'http://early-great-grandmother.net','transkrip nilai','folding_communities_analyzing.pdf','2023-03-28',91),(241,'https://sure-footed-vicinity.com','surat rekomendasi dosen','bedfordshire_plastic.pdf','2023-03-31',91),(242,'https://monstrous-vengeance.org','ijazah s1','kelvin_racine_transmitter.pdf','2023-03-05',92),(243,'https://petty-diam.org','transkrip nilai','branding.pdf','2023-02-13',92),(244,'http://wavy-tendency.biz','surat rekomendasi dosen','cedi_bicycle.pdf','2023-03-02',92),(245,'https://quick-store.info','ijazah s1','vacantly_credit.pdf','2023-02-23',93),(246,'https://incomplete-freighter.info','transkrip nilai','independence_likewise_eos.pdf','2023-02-25',93),(247,'https://fussy-pressurisation.com','surat rekomendasi dosen','tactics_visitor.pdf','2023-03-26',93),(248,'http://solid-pause.biz','ijazah s1','computers.pdf','2023-03-25',94),(249,'https://unruly-manipulation.net','transkrip nilai','projection.pdf','2023-02-23',94),(250,'https://joint-dance.com','surat rekomendasi dosen','drive_panel.pdf','2023-02-28',94),(251,'http://crazy-wink.net','ijazah s1','duplicate_grow.pdf','2023-02-20',95),(252,'https://smart-felony.info','transkrip nilai','electric.pdf','2023-03-25',95),(253,'http://modern-palate.com','surat rekomendasi dosen','lavender.pdf','2023-03-08',95),(254,'http://dry-fowl.info','ijazah s1','frenetically.pdf','2023-02-09',96),(255,'http://acidic-carnation.name','transkrip nilai','cambridgeshire.pdf','2023-02-28',96),(256,'https://bountiful-sensibility.biz','surat rekomendasi dosen','touring_illum.pdf','2023-02-18',96),(257,'https://all-venti.org','ijazah s1','armenian.pdf','2023-02-16',97),(258,'http://bogus-mayor.net','transkrip nilai','account_music_modernize.pdf','2023-03-09',97),(259,'https://pleasant-overheard.biz','surat rekomendasi dosen','shilling_green.pdf','2023-02-09',97),(260,'http://impeccable-newsstand.biz','ijazah s1','stable_navigating.pdf','2023-04-05',98),(261,'http://traumatic-first.biz','transkrip nilai','application.pdf','2023-02-24',98),(262,'https://focused-hole.com','surat rekomendasi dosen','absentmindedly_convergence_chrysler.pdf','2023-03-14',98),(263,'https://complicated-ejector.org','ijazah s1','system.pdf','2023-02-11',99),(264,'http://cool-crewmate.com','transkrip nilai','jersey_cis.pdf','2023-02-19',99),(265,'http://experienced-curl.info','surat rekomendasi dosen','jaguar_person_eek.pdf','2023-03-27',99),(266,'https://past-glen.com','ijazah s1','initiatives_male_minivan.pdf','2023-02-10',100),(267,'https://black-and-white-corporation.org','transkrip nilai','driver.pdf','2023-03-17',100),(268,'http://digital-billing.com','surat rekomendasi dosen','overriding_networks_yowza.pdf','2023-02-19',100),(269,'http://wild-gum.net','ijazah s1','idle_steel.pdf','2023-03-18',101),(270,'https://repulsive-layer.com','transkrip nilai','dominica.pdf','2023-03-04',101),(271,'http://lavish-melatonin.com','surat rekomendasi dosen','cambridgeshire_west_sioux.pdf','2023-03-16',101),(272,'https://high-level-genocide.net','ijazah s1','up.pdf','2023-03-17',102),(273,'http://dramatic-workbench.name','transkrip nilai','global.pdf','2023-02-23',102),(274,'http://awkward-liberty.name','surat rekomendasi dosen','south.pdf','2023-03-18',102),(275,'http://prestigious-design.org','ijazah s1','benchmark.pdf','2023-03-25',103),(276,'http://fuzzy-mare.info','transkrip nilai','rock_northeast_mississippi.pdf','2023-02-09',103),(277,'https://practical-alpenhorn.name','surat rekomendasi dosen','car.pdf','2023-03-12',103),(278,'https://bumpy-store.info','ijazah s1','stage_checking_diesel.pdf','2023-02-19',104),(279,'http://inexperienced-astrologer.org','transkrip nilai','automated_parsing.pdf','2023-02-25',104),(280,'http://esteemed-prohibition.net','surat rekomendasi dosen','offensively_up_south.pdf','2023-03-05',104),(281,'http://major-dickey.net','ijazah s1','wooden_agent.pdf','2023-02-23',105),(282,'http://quiet-legend.info','transkrip nilai','beach_yellow_http.pdf','2023-02-21',105),(283,'https://open-living.info','surat rekomendasi dosen','direct_sky.pdf','2023-02-16',105),(284,'https://fabulous-beam.com','ijazah s1','accidentally_transparent.pdf','2023-03-29',106),(285,'https://frozen-diversity.org','transkrip nilai','tandem.pdf','2023-02-15',106),(286,'https://entire-terrapin.biz','surat rekomendasi dosen','lazy_generating_patiently.pdf','2023-02-12',106),(287,'https://normal-sailboat.biz','ijazah s1','woot.pdf','2023-03-04',107),(288,'https://used-efficiency.org','transkrip nilai','dns_nolan_rem.pdf','2023-03-29',107),(289,'https://unsteady-work.biz','surat rekomendasi dosen','impactful.pdf','2023-02-08',107),(290,'https://harmless-hamburger.net','ijazah s1','volkswagen.pdf','2023-03-05',108),(291,'https://junior-breath.net','transkrip nilai','bicycle_system.pdf','2023-02-13',108),(292,'https://spectacular-particular.info','surat rekomendasi dosen','facilitator_bronze_yellow.pdf','2023-02-16',108),(293,'http://fond-evidence.name','ijazah s1','copying_kansas_solution.pdf','2023-03-24',109),(294,'https://thin-lime.info','transkrip nilai','developer.pdf','2023-03-24',109),(295,'https://rich-decadence.name','surat rekomendasi dosen','rupee_forest.pdf','2023-03-09',109),(296,'https://superficial-brother-in-law.com','ijazah s1','productivity_south.pdf','2023-02-14',110),(297,'https://dishonest-dissonance.org','transkrip nilai','carbon.pdf','2023-03-02',110),(298,'http://responsible-idea.com','surat rekomendasi dosen','rap_cotton_turquoise.pdf','2023-04-06',110),(299,'https://sweltering-breastplate.biz','ijazah s1','chief_savings.pdf','2023-02-19',111),(300,'http://mortified-crumb.name','transkrip nilai','minivan_patrolling.pdf','2023-03-29',111),(301,'http://lined-creator.name','surat rekomendasi dosen','unless_plastic_berkshire.pdf','2023-03-21',111),(302,'https://gentle-jury.org','ijazah s1','henry_music.pdf','2023-03-22',112),(303,'https://enchanted-elicit.net','transkrip nilai','whereas_mississippi.pdf','2023-03-25',112),(304,'https://disloyal-margarine.net','surat rekomendasi dosen','spectate.pdf','2023-04-01',112),(305,'http://rectangular-outfielder.org','ijazah s1','female_north.pdf','2023-03-12',113),(306,'https://lively-samurai.biz','transkrip nilai','savings.pdf','2023-03-12',113),(307,'http://well-informed-reorganisation.info','surat rekomendasi dosen','generate_buckinghamshire_producer.pdf','2023-04-09',113),(308,'http://frivolous-tract.biz','ijazah s1','array.pdf','2023-02-12',114),(309,'https://truthful-shawl.com','transkrip nilai','azure_pangender_dysprosium.pdf','2023-03-04',114),(310,'http://happy-go-lucky-entry.name','surat rekomendasi dosen','hybrid.pdf','2023-03-21',114),(311,'https://enchanting-art.com','ijazah s1','grocery.pdf','2023-03-01',115),(312,'https://agreeable-truth.com','transkrip nilai','ball_viaduct.pdf','2023-03-24',115),(313,'https://healthy-harmony.info','surat rekomendasi dosen','suv_optical_electric.pdf','2023-02-23',115),(314,'http://united-budget.net','ijazah s1','male_foreground_voluptatum.pdf','2023-03-27',116),(315,'https://reckless-deviance.biz','transkrip nilai','pickup_reboot.pdf','2023-03-26',116),(316,'https://royal-workhorse.com','surat rekomendasi dosen','agender_furthermore_hack.pdf','2023-02-16',116),(317,'http://some-bear.info','ijazah s1','industrial.pdf','2023-03-14',117),(318,'https://vague-proportion.net','transkrip nilai','arizona_sleek.pdf','2023-03-31',117),(319,'https://tender-shell.com','surat rekomendasi dosen','hermiston.pdf','2023-02-24',117),(320,'http://exalted-infarction.net','ijazah s1','skating_direct.pdf','2023-03-31',118),(321,'http://big-hearted-minor.com','transkrip nilai','neutrois.pdf','2023-02-13',118),(322,'https://crazy-flume.info','surat rekomendasi dosen','till_magenta_fuchsia.pdf','2023-04-01',118),(323,'https://knotty-inlay.name','ijazah s1','woman_greece_southwest.pdf','2023-03-28',119),(324,'http://handy-networking.name','transkrip nilai','gorgeous_female_wireless.pdf','2023-02-17',119),(325,'https://dramatic-policeman.biz','surat rekomendasi dosen','zero_manager_minnesota.pdf','2023-04-03',119),(326,'https://immaterial-weapon.com','ijazah s1','cab_encompassing.pdf','2023-02-27',120),(327,'http://natural-pancreas.biz','transkrip nilai','elated.pdf','2023-03-26',120),(328,'http://mediocre-loneliness.net','surat rekomendasi dosen','synthesize_investor_sky.pdf','2023-03-24',120),(329,'https://fortunate-resolution.info','ijazah s1','soft_joyous.pdf','2023-04-02',121),(330,'https://useful-microlending.info','transkrip nilai','kendo_invoice.pdf','2023-03-20',121),(331,'https://insidious-item.org','surat rekomendasi dosen','car_minivan_ohio.pdf','2023-03-14',121),(332,'https://austere-steam.org','ijazah s1','synthesize_pervade.pdf','2023-03-18',122),(333,'http://married-thunder.net','transkrip nilai','driver_investor_electric.pdf','2023-03-11',122),(334,'https://animated-corridor.org','surat rekomendasi dosen','branding.pdf','2023-04-09',122),(335,'http://all-fantasy.com','ijazah s1','watt_handmade_lumen.pdf','2023-02-25',123),(336,'http://super-approval.net','transkrip nilai','gasoline_salad_transmit.pdf','2023-03-30',123),(337,'https://buzzing-hurdle.net','surat rekomendasi dosen','libyan_ned.pdf','2023-03-31',123),(338,'https://oblong-pin.info','ijazah s1','bypass_redundant_laboriosam.pdf','2023-02-11',124),(339,'https://serious-passion.org','transkrip nilai','models_deposit_fortunately.pdf','2023-02-10',124),(340,'http://stable-siding.org','surat rekomendasi dosen','toot.pdf','2023-02-28',124),(341,'http://fumbling-step-mother.info','ijazah s1','sibling_hop_franklin.pdf','2023-02-08',125),(342,'http://mindless-persimmon.org','transkrip nilai','streamline_representative.pdf','2023-04-05',125),(343,'https://fearless-textbook.org','surat rekomendasi dosen','principal.pdf','2023-03-30',125),(344,'https://terrific-centurion.name','ijazah s1','consultant_cultivate.pdf','2023-04-06',126),(345,'http://frightening-sonata.name','transkrip nilai','latin_female.pdf','2023-03-25',126),(346,'http://worrisome-piano.biz','surat rekomendasi dosen','quality_upwardly.pdf','2023-03-20',126),(347,'http://free-tide.net','ijazah s1','feed_male_furthermore.pdf','2023-04-07',127),(348,'https://slimy-fertilizer.com','transkrip nilai','dynamic_if.pdf','2023-03-27',127),(349,'http://humongous-blight.net','surat rekomendasi dosen','garden_lead.pdf','2023-02-09',127),(350,'http://authorized-host.org','ijazah s1','hybrid_coupe.pdf','2023-02-19',128),(351,'http://ornery-sauce.com','transkrip nilai','evenly_5th.pdf','2023-03-02',128),(352,'https://black-and-white-bandwidth.org','surat rekomendasi dosen','global_indolent.pdf','2023-02-23',128),(353,'https://magnificent-deformation.net','ijazah s1','calculate_haptic_architect.pdf','2023-03-28',129),(354,'https://weak-vet.name','transkrip nilai','cotton.pdf','2023-04-04',129),(355,'http://worst-effector.com','surat rekomendasi dosen','washington_hybrid.pdf','2023-03-31',129),(356,'http://shiny-pendulum.name','ijazah s1','envisioneer_zambian_red.pdf','2023-03-29',130),(357,'http://stormy-cabin.com','transkrip nilai','pataca_west_product.pdf','2023-04-03',130),(358,'https://cooked-entry.name','surat rekomendasi dosen','directives_invoice_after.pdf','2023-02-21',130);
/*!40000 ALTER TABLE `lampiran` ENABLE KEYS */;
UNLOCK TABLES;

--
-- Table structure for table `mahasiswa`
--

DROP TABLE IF EXISTS `mahasiswa`;
/*!40101 SET @saved_cs_client     = @@character_set_client */;
/*!40101 SET character_set_client = utf8 */;
CREATE TABLE `mahasiswa` (
  `id_mahasiswa` int(11) NOT NULL AUTO_INCREMENT,
  `nama_lengkap_mahasiswa` varchar(255) NOT NULL,
  `jenis_kelamin` enum('male','female') DEFAULT NULL,
  `tempat_lahir` varchar(255) DEFAULT NULL,
  `tanggal_lahir` date DEFAULT NULL,
  `alamat` varchar(255) DEFAULT NULL,
  `no_telepon` varchar(255) DEFAULT NULL,
  `email` varchar(255) DEFAULT NULL,
  PRIMARY KEY (`id_mahasiswa`)
) ENGINE=InnoDB AUTO_INCREMENT=131 DEFAULT CHARSET=utf8mb4 COLLATE=utf8mb4_general_ci;
/*!40101 SET character_set_client = @saved_cs_client */;

--
-- Dumping data for table `mahasiswa`
--

LOCK TABLES `mahasiswa` WRITE;
/*!40000 ALTER TABLE `mahasiswa` DISABLE KEYS */;
INSERT INTO `mahasiswa` VALUES (1,'Daisy Greenfelder','female','North Michaelaville','2001-03-31','07866 Cruickshank Fall','62884750631476','Daisy_Greenfelder@gmail.com'),(2,'Herman Macejkovic','male','Constanceburgh','2000-11-25','02956 Smith Fields','62837839196320','Herman.Macejkovic49@hotmail.com'),(3,'Douglas Hilll','male','Sawaynfield','1997-12-11','6859 Pascale Place','62848144264262','Douglas.Hilll@gmail.com'),(4,'Brittany Hermann','female','Port Jeremyside','2004-02-29','626 Runolfsson Park','62870558948021','Brittany93@yahoo.com'),(5,'Angelo Schumm','male','Poway','1998-05-13','940 Marcelle Row','62813394284112','Angelo_Schumm@yahoo.com'),(6,'Allan Smith','male','Lake Danielle','1998-05-09','3596 Adolf Spur','62843918768758','Allan15@gmail.com'),(7,'Georgia Hand','female','South Devonstad','2002-10-18','53800 Towne Ferry','62878766824781','Georgia_Hand@gmail.com'),(8,'Frankie Kshlerin','male','Fayetteville','2002-10-30','09884 Feil Mill','62861054950930','Frankie.Kshlerin@gmail.com'),(9,'Abel Rowe','male','Melisafort','2001-08-13','0907 Durgan Burg','62870492818486','Abel_Rowe@hotmail.com'),(10,'Tracy Trantow','female','Orloboro','1998-09-13','1828 Feil Valley','62845039139929','Tracy45@hotmail.com'),(11,'Janice Conroy','female','Encinitas','2000-08-05','784 Rudy Lake','62877376397162','Janice.Conroy75@hotmail.com'),(12,'Francis Kuhlman','female','Lake Hal','2004-01-03','916 Ondricka Wells','62876418796328','Francis.Kuhlman53@hotmail.com'),(13,'Leo Dickinson','male','Murrayside','2001-05-10','35775 Wisozk Isle','62874432615130','Leo17@yahoo.com'),(14,'Elias Lueilwitz','male','West Jettbury','2003-09-24','7974 Eliane Grove','62853906623026','Elias_Lueilwitz@yahoo.com'),(15,'Gilbert Predovic','male','McCulloughtown','1999-02-10','052 Harvey Points','62825957633399','Gilbert.Predovic@yahoo.com'),(16,'Terrence Hayes','male','West Babylon','2003-09-25','43103 Grant Flats','62855320660559','Terrence_Hayes@hotmail.com'),(17,'Maurice Wolff','male','Zemlakview','2000-10-11','31940 Assunta Land','62828796486464','Maurice22@hotmail.com'),(18,'Martha McDermott','female','Ritchiestad','2002-10-06','966 Kemmer Heights','62817647614205','Martha_McDermott31@yahoo.com'),(19,'Bert Koss','male','West Randall','2000-06-20','16268 Jamir Extensions','62809262053898','Bert.Koss81@hotmail.com'),(20,'Lonnie Powlowski','male','Lake Rodberg','1999-01-27','4589 Syble Bridge','62820333727929','Lonnie.Powlowski@yahoo.com'),(21,'Rebecca Gusikowski','female','West Alfredaport','2000-05-08','26049 Briana Flats','62887538736894','Rebecca_Gusikowski@hotmail.com'),(22,'Virginia Grant','female','Janickburgh','2002-09-27','823 Hessel Stravenue','62863359200749','Virginia_Grant79@hotmail.com'),(23,'Gilberto Larson','male','Addiestead','2002-02-21','61457 Bauch Walk','62899917924769','Gilberto.Larson@hotmail.com'),(24,'Rudy Dach','male','New Kyler','2000-07-15','800 Quigley Extensions','62807524232258','Rudy88@hotmail.com'),(25,'Claire Brekke','female','Bakersfield','2004-12-01','87164 Wisozk Lodge','62892158733076','Claire79@gmail.com'),(26,'Nadine Davis','female','Johnsonfort','2004-02-16','74969 Willow Mountains','62877429355222','Nadine58@yahoo.com'),(27,'Christine Kunde','female','Lonnieborough','2002-11-02','99295 Selmer Cape','62877802528119','Christine.Kunde15@hotmail.com'),(28,'Angie Schowalter','female','Jazmynfurt','2003-07-15','45416 Skiles Ports','62812120820964','Angie61@yahoo.com'),(29,'Alison Schroeder','female','Plano','2002-08-20','981 Trever Trace','62882716064548','Alison_Schroeder@gmail.com'),(30,'Ora Pacocha','female','Lake Elyse','1998-02-02','060 Eduardo Valleys','62836444610048','Ora93@yahoo.com'),(31,'Arthur Heller','male','Alvishaven','2001-02-08','373 Cole Grove','62819774514831','Arthur.Heller@gmail.com'),(32,'Justin Runolfsson','male','Fort Lolita','2002-10-01','02065 Eriberto Row','62878677472247','Justin.Runolfsson@gmail.com'),(33,'Monica Schaden','female','Castle Rock','2001-01-12','470 Ethan Radial','62899212995101','Monica.Schaden53@yahoo.com'),(34,'Gabriel Turcotte','male','Lacey','2004-09-25','08396 Prosacco Centers','62835320527027','Gabriel.Turcotte85@hotmail.com'),(35,'Edward Keeling','male','Domingochester','1997-08-20','7519 Kyle Mews','62881655692468','Edward53@gmail.com'),(36,'Samuel Boyer','male','East Mylene','1998-08-15','16041 Sadie Branch','62897890774581','Samuel.Boyer45@hotmail.com'),(37,'Rene Gleichner','male','Lake Jalen','2005-03-29','65948 Maud Cape','62892433433774','Rene38@gmail.com'),(38,'Glenn Schuppe','male','Hickleview','2001-05-11','22166 Bogan Corner','62803394793640','Glenn.Schuppe@gmail.com'),(39,'Maxine Schmitt','female','Huntington Park','2003-09-29','6604 Vandervort Dale','62862737607600','Maxine_Schmitt@hotmail.com'),(40,'Carol Pouros','female','Humbertostad','2003-02-19','96043 Gerardo Mountain','62820513994676','Carol6@gmail.com'),(41,'Priscilla Pagac','female','Bossier City','2003-06-29','9962 Johnson Cove','62801148746274','Priscilla_Pagac@hotmail.com'),(42,'Shannon Shanahan','female','Fort Kurtis','2001-04-22','69641 Morissette Parks','62812054860839','Shannon1@gmail.com'),(43,'Alfonso Lesch','male','South Frank','2001-03-18','9755 Mayer Fork','62823302620196','Alfonso13@hotmail.com'),(44,'Rufus Dooley','male','East Alyshaworth','1999-03-30','1670 Bechtelar Burg','62885686415635','Rufus14@hotmail.com'),(45,'Rex Jakubowski','male','West Leannafort','1999-11-06','4759 Eugenia Expressway','62867360287015','Rex60@hotmail.com'),(46,'Eddie Kling','male','Schmidtstead','2002-07-18','026 Emard Cove','62870925591298','Eddie97@hotmail.com'),(47,'Wendell Flatley','male','Port Darrioncester','2002-01-17','50054 Raymond Mews','62862049688398','Wendell.Flatley56@gmail.com'),(48,'Archie Schmeler','male','Kleinbury','2003-10-15','11331 Mraz Expressway','62813654068024','Archie_Schmeler@gmail.com'),(49,'Morris Wiza','male','Fort Addiechester','2001-01-24','526 Alessia Stream','62876903211365','Morris90@gmail.com'),(50,'Jody McClure','male','Margotfield','2003-02-20','4881 Mossie Passage','62864422857344','Jody_McClure84@hotmail.com'),(51,'Josefina McClure','female','Feeneyberg','2003-08-14','8033 Marilie Dam','62833441459099','Josefina62@hotmail.com'),(52,'Alfred Hackett','male','Rossburgh','2000-05-19','100 Morgan Walk','62803969591652','Alfred_Hackett@hotmail.com'),(53,'Elvira Kessler','female','Little Rock','2003-12-10','80343 Tatyana Parkways','62866543922946','Elvira_Kessler21@hotmail.com'),(54,'Eva Schinner','female','Fontana','1999-05-23','1660 Wiza Route','62841974386313','Eva_Schinner@gmail.com'),(55,'Pamela Kling','female','Hudsonmouth','2002-03-24','57706 Tatum Harbors','62867130633702','Pamela_Kling@gmail.com'),(56,'Bridget Hessel','female','Haneport','2001-07-17','75919 Brekke Orchard','62854549192828','Bridget17@yahoo.com'),(57,'Pete Gibson','male','New Savanah','2002-07-24','9566 Hoyt Summit','62825541848770','Pete.Gibson@yahoo.com'),(58,'Candace Kessler','female','Lake Adanfort','2003-08-06','68842 Reagan Knoll','62823487016641','Candace5@hotmail.com'),(59,'Brandi Beer','female','North Edmund','2000-08-23','627 Witting Viaduct','62804771454722','Brandi32@hotmail.com'),(60,'Maxine Crona','female','West New York','2003-10-19','57423 Logan Gardens','62810274032639','Maxine48@hotmail.com'),(61,'Julio Leannon','male','East Selenaburgh','2001-12-28','179 Clemmie Passage','62869374700720','Julio_Leannon74@yahoo.com'),(62,'David Jakubowski','male','Port Dagmar','1999-02-05','33259 Walter Via','62889957456468','David_Jakubowski19@hotmail.com'),(63,'Elbert Kshlerin','male','Leannastead','2003-02-05','9967 Lacey Gardens','62823480942713','Elbert14@hotmail.com'),(64,'Sue Kling','female','East Nyaworth','2003-02-21','195 Cullen Point','62865962819329','Sue_Kling49@hotmail.com'),(65,'Dustin Powlowski','male','South Ulices','2003-01-20','17443 Mervin Dam','62875736792501','Dustin.Powlowski41@hotmail.com'),(66,'Bryan Roberts','male','Kenner','2004-02-05','6131 Madilyn Ridge','62882527532789','Bryan_Roberts30@gmail.com'),(67,'Milton Funk','male','Marianeland','2001-06-18','591 Doyle Key','62863521918039','Milton.Funk@hotmail.com'),(68,'Leona Hilpert','female','East Angelicastad','2004-06-22','0163 Jessica Brooks','62840759841014','Leona_Hilpert58@hotmail.com'),(69,'Elizabeth Willms','female','Katelynhaven','2001-05-25','8777 Jackie Views','62848564008815','Elizabeth_Willms2@gmail.com'),(70,'Amos Huels','male','Millcreek','1998-10-14','6214 Buster Mount','62814892794588','Amos31@gmail.com'),(71,'Rudy McGlynn','male','Lake Royceland','2002-04-14','2628 Gabriel Haven','62823046927883','Rudy78@yahoo.com'),(72,'Pat Flatley','female','East Torreyport','2002-11-30','761 Hane Mills','62851982908366','Pat_Flatley@gmail.com'),(73,'Roger Abernathy','male','Halvorsonboro','2003-01-16','42448 Murray Hill','62829774743117','Roger77@gmail.com'),(74,'Casey Ernser','male','Metzfort','1999-06-22','062 Tomasa Mountains','62858070439155','Casey79@gmail.com'),(75,'Cesar Torphy','male','O\'Fallon','2002-08-20','4805 Oberbrunner Corner','62870789000315','Cesar50@gmail.com'),(76,'Gregory Satterfield','male','Gottliebfort','2002-05-27','51369 Kaden Court','62850057526618','Gregory.Satterfield@hotmail.com'),(77,'Nick Lakin','male','Trompton','1998-10-27','605 Emmitt Extensions','62867702173997','Nick.Lakin27@yahoo.com'),(78,'Perry Borer','male','Ontario','2000-03-28','37050 Nestor Light','62866797575134','Perry.Borer16@yahoo.com'),(79,'Rita Dooley','female','San Antonio','1999-10-23','989 Kunze Shoal','62894337288894','Rita.Dooley@yahoo.com'),(80,'Thelma Kuphal','female','Magaliton','2004-10-30','24280 Watsica Ford','62813008895514','Thelma.Kuphal@hotmail.com'),(81,'Natalie Gutmann','female','Whiteport','2002-06-09','9840 Mallory Glen','62812646563008','Natalie_Gutmann5@hotmail.com'),(82,'Dwight Kautzer','male','Fort Ethanville','2003-09-14','424 Miguel Club','62890881681889','Dwight.Kautzer86@gmail.com'),(83,'Kurt Heidenreich','male','Mohrfort','2003-07-23','677 Woodrow Glen','62825115555775','Kurt83@gmail.com'),(84,'Chris Johnson','male','Damarishaven','1998-07-24','3258 Verner Highway','62831558930093','Chris.Johnson77@hotmail.com'),(85,'Loretta Kulas','female','New Gertrudeboro','1997-06-12','92553 Langosh Mill','62808093106227','Loretta.Kulas@yahoo.com'),(86,'Mathew Muller','male','San Leandro','1999-11-02','89078 Cassin Rapids','62823258565468','Mathew_Muller@yahoo.com'),(87,'Jeannie Wilderman','female','New Brianafort','1999-06-13','08620 Dooley Manor','62885660278360','Jeannie5@hotmail.com'),(88,'Janet Gutkowski','female','Ciarashire','1999-09-14','5813 Turcotte Forges','62829264639664','Janet.Gutkowski38@gmail.com'),(89,'Blanche Watsica','female','Howeshire','2003-07-17','553 Halvorson Canyon','62841320540060','Blanche23@hotmail.com'),(90,'Angel Schroeder','male','Willardside','1997-12-11','6884 Predovic Ports','62842747699853','Angel_Schroeder@yahoo.com'),(91,'Christine Lebsack','female','Jettiechester','1999-02-26','7116 Klein Avenue','62816171251824','Christine58@gmail.com'),(92,'Beth Boehm','female','Davisstead','1999-12-14','427 Austyn Common','62855778723438','Beth.Boehm@yahoo.com'),(93,'Edna Zemlak','female','Tulsa','1997-11-16','56053 Gerhold Route','62830243971201','Edna28@gmail.com'),(94,'Lora Weber','female','Lake Fidelbury','2002-02-01','39741 Alena Junction','62812318975561','Lora.Weber1@yahoo.com'),(95,'Muriel Harber','female','Fort Dorcas','2005-01-23','4770 Franecki Drive','62898314365270','Muriel_Harber@hotmail.com'),(96,'David Rolfson','male','East Ernesto','2001-10-11','276 Kozey Ports','62830637441946','David33@gmail.com'),(97,'Stacy Streich','female','North Fabiola','1998-07-16','0855 Maynard Cove','62870333194919','Stacy.Streich@yahoo.com'),(98,'Rodolfo Donnelly','male','Madilynland','2004-07-18','0477 Murazik Glens','62837515516493','Rodolfo58@yahoo.com'),(99,'Gregg Gerhold','male','West Cliftonboro','2000-03-11','767 Prosacco Mission','62870471708965','Gregg_Gerhold@hotmail.com'),(100,'Kendra Tremblay','female','Haagville','2005-04-02','433 Kuvalis Squares','62805506666182','Kendra_Tremblay13@gmail.com'),(101,'Brittany Corwin','female','Borerberg','2001-08-14','0725 Olson Corner','62878053774215','Brittany51@gmail.com'),(102,'Shelley Dibbert','female','Fort Nadia','2004-10-04','653 Griffin Parkway','62829536505765','Shelley.Dibbert34@hotmail.com'),(103,'Manuel Jerde','male','Coachella','2000-07-20','046 Fannie Forks','62807971468453','Manuel_Jerde36@yahoo.com'),(104,'Christopher Stehr','male','Sheldonburgh','2002-08-12','98286 Tyrell Grove','62845975030025','Christopher_Stehr@hotmail.com'),(105,'Laurie Marquardt','female','Kenyachester','1997-09-19','77763 Irving Heights','62817418262055','Laurie_Marquardt88@gmail.com'),(106,'Johanna Corwin','female','Feilmouth','2002-08-14','7335 Blaze Fall','62897554964972','Johanna.Corwin@yahoo.com'),(107,'Tasha Mitchell','female','Scottsdale','2003-12-22','35204 Chasity Rapid','62842124709727','Tasha.Mitchell@hotmail.com'),(108,'Sylvester Brekke','male','Larsonberg','2000-02-20','99265 Alisa Trafficway','62809323281716','Sylvester_Brekke@hotmail.com'),(109,'Antonia McGlynn','female','Keshawnboro','2002-02-17','968 Rath Orchard','62808669572127','Antonia.McGlynn70@hotmail.com'),(110,'Oliver McClure','male','Oletaland','1997-05-06','983 Watsica Valleys','62868628699589','Oliver.McClure@yahoo.com'),(111,'Kyle Spinka','male','Flatleyton','2001-09-11','1509 Hessel Mills','62890881660827','Kyle.Spinka41@yahoo.com'),(112,'Jorge Morissette','male','Lisettefort','2003-09-13','246 Frederique Extension','62853327137693','Jorge.Morissette85@hotmail.com'),(113,'Bruce Gutkowski','male','Providence','1998-08-10','375 Everette Dale','62828140887720','Bruce.Gutkowski14@gmail.com'),(114,'Tracy Feil','female','Lake Lillianborough','1999-04-24','99014 Mara Well','62841219030898','Tracy95@gmail.com'),(115,'Melvin Krajcik','male','Smyrna','2000-07-27','33619 Justine Lake','62812372274990','Melvin.Krajcik42@yahoo.com'),(116,'Nathaniel Kovacek','male','East Spencer','1999-04-11','241 Frami Spur','62806768333852','Nathaniel.Kovacek66@yahoo.com'),(117,'Ann Ankunding','female','Port Ethelynside','1999-06-02','60887 Elroy Point','62814681366427','Ann.Ankunding8@gmail.com'),(118,'Mike Stehr','male','Mishawaka','2004-05-08','31066 Dach Square','62851163157946','Mike_Stehr54@gmail.com'),(119,'Jackie Turner','male','Layton','2004-07-19','12819 Ankunding Wells','62847988111427','Jackie91@hotmail.com'),(120,'Viola Greenfelder','female','Port Gussieshire','2005-01-03','9852 Ben Plains','62825786945539','Viola65@hotmail.com'),(121,'Rolando Skiles','male','North Marietta','2001-01-06','40856 Koch Prairie','62877445080349','Rolando_Skiles90@gmail.com'),(122,'Elisa Nicolas','female','New Ivory','2000-03-22','596 Jordi Mountains','62824164061011','Elisa11@yahoo.com'),(123,'Debbie Keebler','female','South Gisselle','2000-08-15','350 Waters Ranch','62803684691891','Debbie_Keebler@gmail.com'),(124,'Marta Fadel','female','West Cortney','2003-06-04','3289 Danika Burgs','62860317884482','Marta69@hotmail.com'),(125,'Joe Harber','male','Wehnerburgh','2001-07-23','01931 Trey Ridge','62863391416143','Joe.Harber37@yahoo.com'),(126,'Penny Ullrich','female','West Ed','1998-09-13','55599 Marisa Branch','62877563444446','Penny31@hotmail.com'),(127,'Maria Keeling','female','Hollisberg','1997-08-29','047 Erich Drive','62867397254509','Maria.Keeling69@hotmail.com'),(128,'Jorge Gutmann','male','Pomona','2003-12-12','9776 Rohan Motorway','62895098725551','Jorge_Gutmann70@yahoo.com'),(129,'Leslie Hickle','male','Lake Lamont','2001-08-02','8119 Aylin Road','62810607299973','Leslie.Hickle34@gmail.com'),(130,'Elijah Haag','male','New Jake','2004-06-25','02633 Quentin Mountain','62876439306315','Elijah77@gmail.com');
/*!40000 ALTER TABLE `mahasiswa` ENABLE KEYS */;
UNLOCK TABLES;

--
-- Table structure for table `mewawancara`
--

DROP TABLE IF EXISTS `mewawancara`;
/*!40101 SET @saved_cs_client     = @@character_set_client */;
/*!40101 SET character_set_client = utf8 */;
CREATE TABLE `mewawancara` (
  `id_wawancara` int(11) NOT NULL,
  `id_pewawancara` int(11) NOT NULL,
  PRIMARY KEY (`id_pewawancara`,`id_wawancara`),
  KEY `id_wawancara` (`id_wawancara`),
  CONSTRAINT `mewawancara_ibfk_1` FOREIGN KEY (`id_pewawancara`) REFERENCES `pewawancara` (`id_pewawancara`),
  CONSTRAINT `mewawancara_ibfk_2` FOREIGN KEY (`id_wawancara`) REFERENCES `wawancara` (`id_wawancara`)
) ENGINE=InnoDB DEFAULT CHARSET=utf8mb4 COLLATE=utf8mb4_general_ci;
/*!40101 SET character_set_client = @saved_cs_client */;

--
-- Dumping data for table `mewawancara`
--

LOCK TABLES `mewawancara` WRITE;
/*!40000 ALTER TABLE `mewawancara` DISABLE KEYS */;
INSERT INTO `mewawancara` VALUES (3,3),(12,3),(18,3),(24,3),(27,3),(30,3),(33,3),(48,3),(63,3),(81,3),(108,3),(114,3),(120,3),(138,3),(174,3),(189,3),(195,3),(198,3),(207,3),(213,3),(222,3),(246,3),(249,3),(297,3),(300,3),(315,3),(318,3),(39,6),(42,6),(48,6),(84,6),(111,6),(168,6),(171,6),(177,6),(213,6),(225,6),(237,6),(252,6),(267,6),(15,9),(36,9),(45,9),(63,9),(102,9),(132,9),(174,9),(192,9),(225,9),(237,9),(249,9),(276,9),(282,9),(291,9),(297,9),(300,9),(303,9),(312,9),(315,9),(9,12),(15,12),(36,12),(48,12),(51,12),(66,12),(78,12),(81,12),(105,12),(108,12),(123,12),(129,12),(132,12),(141,12),(147,12),(171,12),(186,12),(192,12),(198,12),(204,12),(252,12),(267,12),(294,12),(303,12),(327,12),(39,15),(42,15),(66,15),(84,15),(93,15),(96,15),(114,15),(132,15),(141,15),(144,15),(150,15),(165,15),(183,15),(198,15),(210,15),(216,15),(222,15),(264,15),(276,15),(300,15),(312,15),(318,15),(327,15),(18,18),(39,18),(48,18),(57,18),(72,18),(84,18),(96,18),(102,18),(105,18),(111,18),(120,18),(144,18),(174,18),(201,18),(252,18),(258,18),(261,18),(273,18),(282,18),(306,18),(42,21),(51,21),(72,21),(84,21),(90,21),(117,21),(162,21),(165,21),(180,21),(192,21),(195,21),(204,21),(216,21),(219,21),(225,21),(255,21),(264,21),(273,21),(327,21),(9,24),(15,24),(30,24),(51,24),(69,24),(75,24),(123,24),(132,24),(138,24),(174,24),(189,24),(243,24),(252,24),(276,24),(285,24),(288,24),(294,24),(306,24),(315,24),(321,24),(324,24),(12,27),(21,27),(69,27),(87,27),(117,27),(129,27),(153,27),(171,27),(180,27),(186,27),(195,27),(234,27),(237,27),(243,27),(282,27),(288,27),(300,27),(324,27),(36,30),(42,30),(45,30),(81,30),(138,30),(147,30),(216,30),(219,30),(228,30),(234,30),(252,30),(255,30),(285,30),(297,30),(21,33),(27,33),(57,33),(69,33),(75,33),(96,33),(141,33),(144,33),(150,33),(201,33),(219,33),(225,33),(231,33),(261,33),(264,33),(324,33),(327,33),(6,36),(9,36),(78,36),(93,36),(105,36),(108,36),(117,36),(129,36),(192,36),(213,36),(249,36),(255,36),(276,36),(285,36),(288,36),(303,36),(330,36),(6,39),(12,39),(54,39),(57,39),(63,39),(81,39),(99,39),(111,39),(114,39),(120,39),(135,39),(165,39),(228,39),(246,39),(273,39),(288,39),(291,39),(315,39),(330,39),(27,42),(33,42),(51,42),(60,42),(72,42),(78,42),(93,42),(123,42),(141,42),(156,42),(162,42),(192,42),(216,42),(234,42),(240,42),(243,42),(267,42),(276,42),(306,42),(309,42),(3,45),(24,45),(87,45),(114,45),(126,45),(135,45),(141,45),(156,45),(159,45),(207,45),(288,45),(291,45),(309,45),(312,45),(24,48),(30,48),(33,48),(60,48),(69,48),(84,48),(96,48),(102,48),(129,48),(138,48),(183,48),(213,48),(219,48),(225,48),(237,48),(270,48),(273,48),(309,48),(24,51),(33,51),(48,51),(93,51),(99,51),(108,51),(120,51),(126,51),(144,51),(150,51),(153,51),(168,51),(180,51),(207,51),(210,51),(228,51),(249,51),(330,51),(45,54),(51,54),(54,54),(57,54),(75,54),(102,54),(105,54),(153,54),(156,54),(159,54),(162,54),(165,54),(168,54),(180,54),(183,54),(198,54),(207,54),(210,54),(231,54),(249,54),(255,54),(264,54),(270,54),(279,54),(291,54),(309,54),(330,54),(15,57),(21,57),(24,57),(36,57),(45,57),(72,57),(90,57),(102,57),(111,57),(189,57),(207,57),(237,57),(240,57),(255,57),(258,57),(261,57),(321,57),(9,60),(15,60),(33,60),(36,60),(54,60),(69,60),(72,60),(108,60),(114,60),(117,60),(120,60),(144,60),(162,60),(177,60),(180,60),(195,60),(231,60),(267,60),(279,60),(282,60),(291,60),(297,60),(303,60),(324,60),(330,60);
/*!40000 ALTER TABLE `mewawancara` ENABLE KEYS */;
UNLOCK TABLES;

--
-- Table structure for table `panitia`
--

DROP TABLE IF EXISTS `panitia`;
/*!40101 SET @saved_cs_client     = @@character_set_client */;
/*!40101 SET character_set_client = utf8 */;
CREATE TABLE `panitia` (
  `id_panitia` int(11) NOT NULL AUTO_INCREMENT,
  `nama_lengkap_panitia` varchar(255) DEFAULT NULL,
  PRIMARY KEY (`id_panitia`)
) ENGINE=InnoDB AUTO_INCREMENT=61 DEFAULT CHARSET=utf8mb4 COLLATE=utf8mb4_general_ci;
/*!40101 SET character_set_client = @saved_cs_client */;

--
-- Dumping data for table `panitia`
--

LOCK TABLES `panitia` WRITE;
/*!40000 ALTER TABLE `panitia` DISABLE KEYS */;
INSERT INTO `panitia` VALUES (1,'Jeannette Yundt'),(2,'Anna Trantow'),(3,'Melody Mertz'),(4,'Natalie Huels'),(5,'Milton Boyer'),(6,'Johnnie Mills'),(7,'Carolyn Thiel'),(8,'Mandy Schamberger'),(9,'Woodrow Cummings'),(10,'Noel Sanford'),(11,'Jonathon Kirlin'),(12,'Sonja Bauch'),(13,'Judy Grady'),(14,'Edith Russel'),(15,'Tanya Reynolds'),(16,'Dixie McDermott'),(17,'Agnes Schumm'),(18,'Ruth D\'Amore'),(19,'Candice Hettinger'),(20,'Lori Balistreri'),(21,'Michele Lynch'),(22,'Mathew Prosacco'),(23,'Molly Braun'),(24,'Juana Runolfsson'),(25,'Carolyn Bosco'),(26,'Wendell Abshire'),(27,'Kurt Lynch'),(28,'Ruth Bailey'),(29,'Wm Monahan'),(30,'Russell Flatley'),(31,'Nellie Boyer'),(32,'Caleb Rogahn'),(33,'Brian Roberts'),(34,'Elijah Kautzer'),(35,'Billy Brekke'),(36,'Leo Powlowski'),(37,'Archie Brakus'),(38,'April Lesch'),(39,'Sherry Waters'),(40,'Hilda Crist'),(41,'Ralph McCullough'),(42,'Casey Thiel'),(43,'Samantha Hilpert'),(44,'Alfonso Jacobs'),(45,'Franklin Schuppe'),(46,'Damon Hansen'),(47,'Bob Dare'),(48,'Lamar Sanford'),(49,'Loretta West'),(50,'Amanda Runolfsdottir'),(51,'Brandon Labadie'),(52,'Rosie Brakus'),(53,'Kayla Kulas'),(54,'Terrence Rolfson'),(55,'Paul Brown'),(56,'Olga Nitzsche'),(57,'Isaac Howell'),(58,'Garrett West'),(59,'Dave Kautzer'),(60,'Jacquelyn Balistreri');
/*!40000 ALTER TABLE `panitia` ENABLE KEYS */;
UNLOCK TABLES;

--
-- Table structure for table `penerima_beasiswa`
--

DROP TABLE IF EXISTS `penerima_beasiswa`;
/*!40101 SET @saved_cs_client     = @@character_set_client */;
/*!40101 SET character_set_client = utf8 */;
CREATE TABLE `penerima_beasiswa` (
  `id_penerima` int(11) NOT NULL,
  `program_studi` varchar(255) DEFAULT NULL,
  `universitas_tujuan` varchar(255) DEFAULT NULL,
  `jumlah_dana` int(11) DEFAULT NULL,
  PRIMARY KEY (`id_penerima`),
  CONSTRAINT `penerima_beasiswa_ibfk_1` FOREIGN KEY (`id_penerima`) REFERENCES `mahasiswa` (`id_mahasiswa`)
) ENGINE=InnoDB DEFAULT CHARSET=utf8mb4 COLLATE=utf8mb4_general_ci;
/*!40101 SET character_set_client = @saved_cs_client */;

--
-- Dumping data for table `penerima_beasiswa`
--

LOCK TABLES `penerima_beasiswa` WRITE;
/*!40000 ALTER TABLE `penerima_beasiswa` DISABLE KEYS */;
INSERT INTO `penerima_beasiswa` VALUES (111,'Epidemiology','National Taiwan University',260000000),(112,'Artificial Intelligence','The University of Western Australia',220000000),(113,'Data Science','Boston University',360000000),(114,'Data Science','Universiti Malaya',300000000),(115,'Virology','Oxford University',360000000),(116,'Epidemiology','Universiti Malaya',140000000),(117,'Epidemiology','Cambridge University',140000000),(118,'Epidemiology','The University of Western Australia',180000000),(119,'Virology','Boston University',380000000),(120,'Data Science','The University of Western Australia',140000000),(121,'Artificial Intelligence','Boston University',220000000),(122,'Robotics','Oxford University',320000000),(123,'Virology','Nanyang Technological University',120000000),(124,'Virology','Boston University',360000000),(125,'Data Science','Universiti Malaya',260000000),(126,'Virology','Universitas Sains Malaya',400000000),(127,'Biomedical Engineering','Nanyang Technological University',260000000),(128,'Artificial Intelligence','Cambridge University',220000000),(129,'Robotics','National Taiwan University',140000000),(130,'Artificial Intelligence','National Taiwan University',240000000);
/*!40000 ALTER TABLE `penerima_beasiswa` ENABLE KEYS */;
UNLOCK TABLES;

--
-- Table structure for table `pengawas`
--

DROP TABLE IF EXISTS `pengawas`;
/*!40101 SET @saved_cs_client     = @@character_set_client */;
/*!40101 SET character_set_client = utf8 */;
CREATE TABLE `pengawas` (
  `id_pengawas` int(11) NOT NULL,
  `divisi` varchar(255) DEFAULT NULL,
  PRIMARY KEY (`id_pengawas`),
  CONSTRAINT `pengawas_ibfk_1` FOREIGN KEY (`id_pengawas`) REFERENCES `panitia` (`id_panitia`)
) ENGINE=InnoDB DEFAULT CHARSET=utf8mb4 COLLATE=utf8mb4_general_ci;
/*!40101 SET character_set_client = @saved_cs_client */;

--
-- Dumping data for table `pengawas`
--

LOCK TABLES `pengawas` WRITE;
/*!40000 ALTER TABLE `pengawas` DISABLE KEYS */;
INSERT INTO `pengawas` VALUES (2,'Psikolog'),(5,'Asisten'),(8,'Umum'),(11,'Psikiater'),(14,'Mahasiswa Psikologi'),(17,'Asisten'),(20,'Asisten'),(23,'Umum'),(26,'Asisten'),(29,'Psikiater'),(32,'Pengawas Utama'),(35,'Umum'),(38,'Mahasiswa Psikologi'),(41,'Psikiater'),(44,'Pengawas Utama'),(47,'Pengawas Utama'),(50,'Mahasiswa Psikologi'),(53,'Asisten'),(56,'Asisten'),(59,'Mahasiswa Psikologi');
/*!40000 ALTER TABLE `pengawas` ENABLE KEYS */;
UNLOCK TABLES;

--
-- Table structure for table `pewawancara`
--

DROP TABLE IF EXISTS `pewawancara`;
/*!40101 SET @saved_cs_client     = @@character_set_client */;
/*!40101 SET character_set_client = utf8 */;
CREATE TABLE `pewawancara` (
  `id_pewawancara` int(11) NOT NULL,
  `jabatan` varchar(255) DEFAULT NULL,
  PRIMARY KEY (`id_pewawancara`),
  CONSTRAINT `pewawancara_ibfk_1` FOREIGN KEY (`id_pewawancara`) REFERENCES `panitia` (`id_panitia`)
) ENGINE=InnoDB DEFAULT CHARSET=utf8mb4 COLLATE=utf8mb4_general_ci;
/*!40101 SET character_set_client = @saved_cs_client */;

--
-- Dumping data for table `pewawancara`
--

LOCK TABLES `pewawancara` WRITE;
/*!40000 ALTER TABLE `pewawancara` DISABLE KEYS */;
INSERT INTO `pewawancara` VALUES (3,'Product Web Officer'),(6,'Regional Metrics Designer'),(9,'Chief Quality Officer'),(12,'Dynamic Directives Agent'),(15,'Lead Paradigm Specialist'),(18,'Global Research Liaison'),(21,'National Communications Supervisor'),(24,'Global Data Administrator'),(27,'Senior Infrastructure Associate'),(30,'Global Division Strategist'),(33,'Future Mobility Liaison'),(36,'Legacy Optimization Facilitator'),(39,'District Integration Officer'),(42,'Investor Branding Engineer'),(45,'Corporate Configuration Officer'),(48,'Product Branding Designer'),(51,'District Brand Designer'),(54,'Global Directives Consultant'),(57,'Legacy Optimization Producer'),(60,'Product Infrastructure Administrator');
/*!40000 ALTER TABLE `pewawancara` ENABLE KEYS */;
UNLOCK TABLES;

--
-- Table structure for table `psikotes`
--

DROP TABLE IF EXISTS `psikotes`;
/*!40101 SET @saved_cs_client     = @@character_set_client */;
/*!40101 SET character_set_client = utf8 */;
CREATE TABLE `psikotes` (
  `id_psikotes` int(11) NOT NULL,
  `sesi_psikotes` varchar(255) DEFAULT NULL,
  `ruangan_psikotes` varchar(255) DEFAULT NULL,
  `id_mahasiswa` int(11) DEFAULT NULL,
  `id_pengawas` int(11) DEFAULT NULL,
  `nilai` int(10) unsigned DEFAULT NULL CHECK (`nilai` between 0 and 100),
  PRIMARY KEY (`id_psikotes`),
  KEY `id_mahasiswa` (`id_mahasiswa`),
  KEY `id_pengawas` (`id_pengawas`),
  CONSTRAINT `psikotes_ibfk_1` FOREIGN KEY (`id_psikotes`) REFERENCES `seleksi` (`id_seleksi`),
  CONSTRAINT `psikotes_ibfk_2` FOREIGN KEY (`id_mahasiswa`) REFERENCES `mahasiswa` (`id_mahasiswa`),
  CONSTRAINT `psikotes_ibfk_3` FOREIGN KEY (`id_pengawas`) REFERENCES `pengawas` (`id_pengawas`)
) ENGINE=InnoDB DEFAULT CHARSET=utf8mb4 COLLATE=utf8mb4_general_ci;
/*!40101 SET character_set_client = @saved_cs_client */;

--
-- Dumping data for table `psikotes`
--

LOCK TABLES `psikotes` WRITE;
/*!40000 ALTER TABLE `psikotes` DISABLE KEYS */;
INSERT INTO `psikotes` VALUES (1,'Pagi','3560',21,26,76),(4,'Sore','492',22,23,85),(7,'Sore','88904',23,26,86),(10,'Siang','603',24,35,72),(13,'Siang','04607',25,20,73),(16,'Pagi','1476',26,8,61),(19,'Sore','276',27,50,67),(22,'Sore','9897',28,26,71),(25,'Sore','484',29,56,62),(28,'Siang','3230',30,41,63),(31,'Pagi','11924',31,26,95),(34,'Pagi','884',32,38,84),(37,'Siang','34031',33,8,67),(40,'Siang','028',34,56,80),(43,'Pagi','249',35,2,70),(46,'Siang','94636',36,14,60),(49,'Siang','832',37,56,83),(52,'Siang','1557',38,17,69),(55,'Sore','7325',39,35,69),(58,'Siang','60960',40,41,71),(61,'Pagi','81009',41,35,86),(64,'Sore','53890',42,26,77),(67,'Pagi','369',43,26,64),(70,'Sore','87514',44,5,73),(73,'Pagi','0669',45,2,64),(76,'Siang','370',46,41,71),(79,'Sore','3756',47,11,69),(82,'Sore','07585',48,53,63),(85,'Pagi','007',49,50,76),(88,'Sore','62012',50,2,95),(91,'Sore','445',51,35,72),(94,'Pagi','089',52,41,88),(97,'Pagi','65996',53,20,64),(100,'Siang','4150',54,47,74),(103,'Pagi','156',55,23,76),(106,'Pagi','36963',56,50,87),(109,'Pagi','4372',57,23,70),(112,'Siang','7297',58,8,60),(115,'Pagi','78081',59,38,87),(118,'Sore','570',60,32,66),(121,'Siang','55221',61,32,61),(124,'Siang','188',62,8,72),(127,'Pagi','2976',63,29,78),(130,'Sore','07410',64,5,87),(133,'Siang','8853',65,35,82),(136,'Sore','57793',66,8,79),(139,'Pagi','79732',67,14,91),(142,'Siang','7594',68,23,93),(145,'Pagi','68071',69,59,69),(148,'Pagi','935',70,11,87),(151,'Siang','0475',71,8,69),(154,'Sore','27764',72,2,77),(157,'Pagi','1813',73,59,73),(160,'Pagi','6199',74,47,88),(163,'Sore','582',75,32,77),(166,'Pagi','4338',76,59,77),(169,'Siang','921',77,14,87),(172,'Pagi','74713',78,38,72),(175,'Siang','6663',79,41,73),(178,'Pagi','42746',80,44,88),(181,'Pagi','58025',81,56,64),(184,'Siang','6457',82,14,78),(187,'Pagi','20817',83,5,94),(190,'Sore','7700',84,35,73),(193,'Siang','82763',85,59,67),(196,'Pagi','47467',86,14,86),(199,'Sore','350',87,11,67),(202,'Pagi','49280',88,26,79),(205,'Sore','544',89,14,66),(208,'Siang','32786',90,17,62),(211,'Siang','320',91,17,72),(214,'Siang','0457',92,8,88),(217,'Siang','0749',93,35,70),(220,'Sore','2329',94,38,69),(223,'Siang','01782',95,5,88),(226,'Siang','251',96,23,66),(229,'Siang','569',97,35,68),(232,'Pagi','0279',98,50,64),(235,'Siang','340',99,38,74),(238,'Sore','928',100,17,79),(241,'Siang','2786',101,41,83),(244,'Siang','22427',102,23,65),(247,'Siang','6755',103,38,71),(250,'Pagi','026',104,50,85),(253,'Siang','437',105,23,69),(256,'Sore','1906',106,14,72),(259,'Siang','9282',107,11,62),(262,'Pagi','55906',108,53,73),(265,'Sore','02291',109,53,69),(268,'Pagi','3193',110,17,82),(271,'Sore','1885',111,50,95),(274,'Siang','81465',112,5,88),(277,'Pagi','853',113,38,89),(280,'Siang','90609',114,47,93),(283,'Siang','730',115,32,89),(286,'Pagi','41817',116,50,86),(289,'Sore','1646',117,35,88),(292,'Siang','25941',118,8,84),(295,'Siang','0684',119,23,86),(298,'Pagi','68883',120,59,82),(301,'Siang','126',121,50,82),(304,'Sore','55269',122,14,84),(307,'Siang','152',123,41,89),(310,'Pagi','603',124,14,88),(313,'Siang','93354',125,11,86),(316,'Sore','11675',126,5,90),(319,'Pagi','959',127,20,81),(322,'Siang','214',128,17,87),(325,'Pagi','0313',129,47,81),(328,'Siang','05655',130,32,89);
/*!40000 ALTER TABLE `psikotes` ENABLE KEYS */;
UNLOCK TABLES;

--
-- Table structure for table `seleksi`
--

DROP TABLE IF EXISTS `seleksi`;
/*!40101 SET @saved_cs_client     = @@character_set_client */;
/*!40101 SET character_set_client = utf8 */;
CREATE TABLE `seleksi` (
  `id_seleksi` int(11) NOT NULL AUTO_INCREMENT,
  `tanggal_seleksi` date DEFAULT NULL,
  `jenis_seleksi` enum('psikotes','kesehatan','wawancara') DEFAULT NULL,
  PRIMARY KEY (`id_seleksi`),
  KEY `jenis_seleksi` (`jenis_seleksi`),
  CONSTRAINT `seleksi_ibfk_1` FOREIGN KEY (`jenis_seleksi`) REFERENCES `jenis_seleksi` (`jenis_seleksi`)
) ENGINE=InnoDB AUTO_INCREMENT=331 DEFAULT CHARSET=utf8mb4 COLLATE=utf8mb4_general_ci;
/*!40101 SET character_set_client = @saved_cs_client */;

--
-- Dumping data for table `seleksi`
--

LOCK TABLES `seleksi` WRITE;
/*!40000 ALTER TABLE `seleksi` DISABLE KEYS */;
INSERT INTO `seleksi` VALUES (1,'2023-03-18','wawancara'),(2,'2023-03-30','wawancara'),(3,'2023-04-06','wawancara'),(4,'2023-04-07','wawancara'),(5,'2023-03-18','wawancara'),(6,'2023-04-07','wawancara'),(7,'2023-03-21','wawancara'),(8,'2023-04-08','wawancara'),(9,'2023-03-15','wawancara'),(10,'2023-03-12','wawancara'),(11,'2023-04-09','wawancara'),(12,'2023-03-20','wawancara'),(13,'2023-03-29','wawancara'),(14,'2023-04-05','wawancara'),(15,'2023-03-29','wawancara'),(16,'2023-03-14','wawancara'),(17,'2023-03-14','wawancara'),(18,'2023-03-19','wawancara'),(19,'2023-03-31','wawancara'),(20,'2023-03-13','wawancara'),(21,'2023-03-25','wawancara'),(22,'2023-03-10','wawancara'),(23,'2023-03-10','wawancara'),(24,'2023-03-11','wawancara'),(25,'2023-03-30','wawancara'),(26,'2023-03-25','wawancara'),(27,'2023-03-25','wawancara'),(28,'2023-03-12','wawancara'),(29,'2023-03-17','wawancara'),(30,'2023-03-14','wawancara'),(31,'2023-04-06','wawancara'),(32,'2023-03-28','wawancara'),(33,'2023-03-28','wawancara'),(34,'2023-03-10','wawancara'),(35,'2023-03-17','wawancara'),(36,'2023-03-18','wawancara'),(37,'2023-03-29','wawancara'),(38,'2023-03-14','wawancara'),(39,'2023-03-13','wawancara'),(40,'2023-03-16','wawancara'),(41,'2023-04-02','wawancara'),(42,'2023-03-27','wawancara'),(43,'2023-03-23','wawancara'),(44,'2023-03-22','wawancara'),(45,'2023-03-13','wawancara'),(46,'2023-03-14','wawancara'),(47,'2023-03-10','wawancara'),(48,'2023-03-13','wawancara'),(49,'2023-04-07','wawancara'),(50,'2023-03-18','wawancara'),(51,'2023-03-11','wawancara'),(52,'2023-04-09','wawancara'),(53,'2023-03-12','wawancara'),(54,'2023-04-09','wawancara'),(55,'2023-03-14','wawancara'),(56,'2023-03-15','wawancara'),(57,'2023-03-31','wawancara'),(58,'2023-04-04','wawancara'),(59,'2023-03-23','wawancara'),(60,'2023-03-27','wawancara'),(61,'2023-03-22','wawancara'),(62,'2023-03-25','wawancara'),(63,'2023-03-25','wawancara'),(64,'2023-03-30','wawancara'),(65,'2023-03-13','wawancara'),(66,'2023-04-08','wawancara'),(67,'2023-03-20','wawancara'),(68,'2023-04-04','wawancara'),(69,'2023-04-08','wawancara'),(70,'2023-03-31','wawancara'),(71,'2023-03-15','wawancara'),(72,'2023-03-23','wawancara'),(73,'2023-03-21','wawancara'),(74,'2023-03-28','wawancara'),(75,'2023-03-16','wawancara'),(76,'2023-03-23','wawancara'),(77,'2023-03-26','wawancara'),(78,'2023-04-03','wawancara'),(79,'2023-03-24','wawancara'),(80,'2023-03-12','wawancara'),(81,'2023-03-22','wawancara'),(82,'2023-03-30','wawancara'),(83,'2023-04-08','wawancara'),(84,'2023-04-01','wawancara'),(85,'2023-03-19','wawancara'),(86,'2023-03-21','wawancara'),(87,'2023-03-16','wawancara'),(88,'2023-03-23','wawancara'),(89,'2023-04-07','wawancara'),(90,'2023-03-24','wawancara'),(91,'2023-04-05','wawancara'),(92,'2023-03-17','wawancara'),(93,'2023-03-28','wawancara'),(94,'2023-03-27','wawancara'),(95,'2023-03-31','wawancara'),(96,'2023-04-03','wawancara'),(97,'2023-03-12','wawancara'),(98,'2023-04-04','wawancara'),(99,'2023-03-21','wawancara'),(100,'2023-04-04','wawancara'),(101,'2023-04-04','wawancara'),(102,'2023-04-01','wawancara'),(103,'2023-03-27','wawancara'),(104,'2023-03-13','wawancara'),(105,'2023-04-07','wawancara'),(106,'2023-03-13','wawancara'),(107,'2023-03-26','wawancara'),(108,'2023-04-08','wawancara'),(109,'2023-03-19','wawancara'),(110,'2023-04-03','wawancara'),(111,'2023-03-16','wawancara'),(112,'2023-04-07','wawancara'),(113,'2023-04-03','wawancara'),(114,'2023-03-31','wawancara'),(115,'2023-03-18','wawancara'),(116,'2023-03-22','wawancara'),(117,'2023-04-06','wawancara'),(118,'2023-03-12','wawancara'),(119,'2023-03-29','wawancara'),(120,'2023-04-04','wawancara'),(121,'2023-04-01','wawancara'),(122,'2023-03-21','wawancara'),(123,'2023-03-20','wawancara'),(124,'2023-03-12','wawancara'),(125,'2023-03-22','wawancara'),(126,'2023-04-09','wawancara'),(127,'2023-04-02','wawancara'),(128,'2023-04-05','wawancara'),(129,'2023-03-20','wawancara'),(130,'2023-03-22','wawancara'),(131,'2023-03-15','wawancara'),(132,'2023-04-08','wawancara'),(133,'2023-03-26','wawancara'),(134,'2023-03-24','wawancara'),(135,'2023-03-23','wawancara'),(136,'2023-03-23','wawancara'),(137,'2023-03-31','wawancara'),(138,'2023-03-30','wawancara'),(139,'2023-04-09','wawancara'),(140,'2023-04-08','wawancara'),(141,'2023-03-28','wawancara'),(142,'2023-03-24','wawancara'),(143,'2023-03-25','wawancara'),(144,'2023-04-06','wawancara'),(145,'2023-03-27','wawancara'),(146,'2023-03-26','wawancara'),(147,'2023-03-17','wawancara'),(148,'2023-03-26','wawancara'),(149,'2023-04-06','wawancara'),(150,'2023-03-31','wawancara'),(151,'2023-03-31','wawancara'),(152,'2023-03-26','wawancara'),(153,'2023-03-20','wawancara'),(154,'2023-03-27','wawancara'),(155,'2023-03-26','wawancara'),(156,'2023-04-01','wawancara'),(157,'2023-03-24','wawancara'),(158,'2023-04-07','wawancara'),(159,'2023-04-08','wawancara'),(160,'2023-03-13','wawancara'),(161,'2023-04-01','wawancara'),(162,'2023-03-31','wawancara'),(163,'2023-03-13','wawancara'),(164,'2023-03-19','wawancara'),(165,'2023-03-29','wawancara'),(166,'2023-03-24','wawancara'),(167,'2023-03-25','wawancara'),(168,'2023-03-17','wawancara'),(169,'2023-03-16','wawancara'),(170,'2023-04-04','wawancara'),(171,'2023-03-27','wawancara'),(172,'2023-03-13','wawancara'),(173,'2023-03-31','wawancara'),(174,'2023-03-19','wawancara'),(175,'2023-04-07','wawancara'),(176,'2023-04-05','wawancara'),(177,'2023-04-04','wawancara'),(178,'2023-03-29','wawancara'),(179,'2023-03-17','wawancara'),(180,'2023-03-19','wawancara'),(181,'2023-03-24','wawancara'),(182,'2023-04-04','wawancara'),(183,'2023-03-15','wawancara'),(184,'2023-04-08','wawancara'),(185,'2023-03-19','wawancara'),(186,'2023-03-10','wawancara'),(187,'2023-03-22','wawancara'),(188,'2023-04-08','wawancara'),(189,'2023-04-01','wawancara'),(190,'2023-03-14','wawancara'),(191,'2023-03-15','wawancara'),(192,'2023-03-13','wawancara'),(193,'2023-03-13','wawancara'),(194,'2023-04-09','wawancara'),(195,'2023-04-01','wawancara'),(196,'2023-03-21','wawancara'),(197,'2023-03-12','wawancara'),(198,'2023-03-14','wawancara'),(199,'2023-04-02','wawancara'),(200,'2023-04-07','wawancara'),(201,'2023-04-05','wawancara'),(202,'2023-03-23','wawancara'),(203,'2023-03-18','wawancara'),(204,'2023-03-20','wawancara'),(205,'2023-04-09','wawancara'),(206,'2023-03-18','wawancara'),(207,'2023-03-25','wawancara'),(208,'2023-03-30','wawancara'),(209,'2023-04-04','wawancara'),(210,'2023-04-08','wawancara'),(211,'2023-03-12','wawancara'),(212,'2023-03-10','wawancara'),(213,'2023-04-06','wawancara'),(214,'2023-03-31','wawancara'),(215,'2023-03-10','wawancara'),(216,'2023-04-08','wawancara'),(217,'2023-03-24','wawancara'),(218,'2023-03-19','wawancara'),(219,'2023-03-18','wawancara'),(220,'2023-03-14','wawancara'),(221,'2023-03-24','wawancara'),(222,'2023-03-16','wawancara'),(223,'2023-03-30','wawancara'),(224,'2023-03-26','wawancara'),(225,'2023-03-31','wawancara'),(226,'2023-03-28','wawancara'),(227,'2023-04-01','wawancara'),(228,'2023-03-23','wawancara'),(229,'2023-04-07','wawancara'),(230,'2023-04-03','wawancara'),(231,'2023-03-24','wawancara'),(232,'2023-03-24','wawancara'),(233,'2023-03-13','wawancara'),(234,'2023-03-17','wawancara'),(235,'2023-03-23','wawancara'),(236,'2023-03-14','wawancara'),(237,'2023-03-20','wawancara'),(238,'2023-03-10','wawancara'),(239,'2023-03-19','wawancara'),(240,'2023-03-23','wawancara'),(241,'2023-03-21','wawancara'),(242,'2023-04-02','wawancara'),(243,'2023-03-25','wawancara'),(244,'2023-03-12','wawancara'),(245,'2023-03-11','wawancara'),(246,'2023-03-19','wawancara'),(247,'2023-03-25','wawancara'),(248,'2023-03-19','wawancara'),(249,'2023-04-08','wawancara'),(250,'2023-03-29','wawancara'),(251,'2023-04-08','wawancara'),(252,'2023-04-08','wawancara'),(253,'2023-04-02','wawancara'),(254,'2023-03-26','wawancara'),(255,'2023-03-28','wawancara'),(256,'2023-03-11','wawancara'),(257,'2023-03-11','wawancara'),(258,'2023-03-12','wawancara'),(259,'2023-03-29','wawancara'),(260,'2023-03-25','wawancara'),(261,'2023-03-28','wawancara'),(262,'2023-03-30','wawancara'),(263,'2023-03-19','wawancara'),(264,'2023-04-05','wawancara'),(265,'2023-03-22','wawancara'),(266,'2023-04-01','wawancara'),(267,'2023-03-27','wawancara'),(268,'2023-03-16','wawancara'),(269,'2023-03-14','wawancara'),(270,'2023-03-14','wawancara'),(271,'2023-03-20','wawancara'),(272,'2023-03-17','wawancara'),(273,'2023-03-14','wawancara'),(274,'2023-04-01','wawancara'),(275,'2023-03-31','wawancara'),(276,'2023-03-25','wawancara'),(277,'2023-03-24','wawancara'),(278,'2023-03-29','wawancara'),(279,'2023-04-02','wawancara'),(280,'2023-03-28','wawancara'),(281,'2023-04-03','wawancara'),(282,'2023-03-11','wawancara'),(283,'2023-03-18','wawancara'),(284,'2023-03-15','wawancara'),(285,'2023-04-09','wawancara'),(286,'2023-04-08','wawancara'),(287,'2023-04-03','wawancara'),(288,'2023-03-17','wawancara'),(289,'2023-04-09','wawancara'),(290,'2023-03-31','wawancara'),(291,'2023-03-18','wawancara'),(292,'2023-04-05','wawancara'),(293,'2023-03-22','wawancara'),(294,'2023-03-26','wawancara'),(295,'2023-03-25','wawancara'),(296,'2023-04-02','wawancara'),(297,'2023-03-25','wawancara'),(298,'2023-04-07','wawancara'),(299,'2023-03-30','wawancara'),(300,'2023-03-24','wawancara'),(301,'2023-04-05','wawancara'),(302,'2023-03-18','wawancara'),(303,'2023-04-02','wawancara'),(304,'2023-04-08','wawancara'),(305,'2023-04-05','wawancara'),(306,'2023-04-04','wawancara'),(307,'2023-03-19','wawancara'),(308,'2023-04-04','wawancara'),(309,'2023-03-15','wawancara'),(310,'2023-03-13','wawancara'),(311,'2023-03-23','wawancara'),(312,'2023-03-25','wawancara'),(313,'2023-03-17','wawancara'),(314,'2023-03-16','wawancara'),(315,'2023-04-06','wawancara'),(316,'2023-03-13','wawancara'),(317,'2023-03-29','wawancara'),(318,'2023-03-18','wawancara'),(319,'2023-03-31','wawancara'),(320,'2023-03-19','wawancara'),(321,'2023-04-04','wawancara'),(322,'2023-04-03','wawancara'),(323,'2023-03-13','wawancara'),(324,'2023-03-11','wawancara'),(325,'2023-03-24','wawancara'),(326,'2023-03-27','wawancara'),(327,'2023-03-25','wawancara'),(328,'2023-04-08','wawancara'),(329,'2023-04-03','wawancara'),(330,'2023-04-03','wawancara');
/*!40000 ALTER TABLE `seleksi` ENABLE KEYS */;
UNLOCK TABLES;

--
-- Table structure for table `seleksi_kesehatan`
--

DROP TABLE IF EXISTS `seleksi_kesehatan`;
/*!40101 SET @saved_cs_client     = @@character_set_client */;
/*!40101 SET character_set_client = utf8 */;
CREATE TABLE `seleksi_kesehatan` (
  `id_kesehatan` int(11) NOT NULL,
  `nama_rumah_sakit` varchar(255) DEFAULT NULL,
  `kota_rumah_sakit` varchar(255) DEFAULT NULL,
  `id_mahasiswa` int(11) DEFAULT NULL,
  `id_dokter` int(11) DEFAULT NULL,
  `nilai` int(10) unsigned DEFAULT NULL CHECK (`nilai` between 0 and 100),
  PRIMARY KEY (`id_kesehatan`),
  KEY `id_mahasiswa` (`id_mahasiswa`),
  KEY `id_dokter` (`id_dokter`),
  CONSTRAINT `seleksi_kesehatan_ibfk_1` FOREIGN KEY (`id_kesehatan`) REFERENCES `seleksi` (`id_seleksi`),
  CONSTRAINT `seleksi_kesehatan_ibfk_2` FOREIGN KEY (`id_mahasiswa`) REFERENCES `mahasiswa` (`id_mahasiswa`),
  CONSTRAINT `seleksi_kesehatan_ibfk_3` FOREIGN KEY (`id_dokter`) REFERENCES `dokter` (`id_dokter`)
) ENGINE=InnoDB DEFAULT CHARSET=utf8mb4 COLLATE=utf8mb4_general_ci;
/*!40101 SET character_set_client = @saved_cs_client */;

--
-- Dumping data for table `seleksi_kesehatan`
--

LOCK TABLES `seleksi_kesehatan` WRITE;
/*!40000 ALTER TABLE `seleksi_kesehatan` DISABLE KEYS */;
INSERT INTO `seleksi_kesehatan` VALUES (2,'Kerluke - Hansen','Tampa',21,16,84),(5,'Will Inc','Raynorboro',22,4,75),(8,'Emmerich - Rempel','Sylvesterfort',23,37,82),(11,'Morissette LLC','Temple',24,52,81),(14,'Weber - Wilkinson','South Derrickburgh',25,31,79),(17,'Lowe, Beahan and Dickinson','Port Lucius',26,25,92),(20,'Hartmann, Simonis and Goodwin','Athens-Clarke County',27,13,77),(23,'Halvorson - Reilly','North Lauraboro',28,22,72),(26,'Bednar, Bahringer and Hane','Nashville-Davidson',29,49,91),(29,'Blick Inc','Greenwood',30,13,74),(32,'Howe, Bartell and Russel','North Liastead',31,13,71),(35,'Waelchi and Sons','Blaine',32,55,88),(38,'Hansen - Homenick','Harmonborough',33,4,73),(41,'Dietrich - Hilpert','Carlieworth',34,13,79),(44,'Brakus - Shanahan','Kilbacktown',35,37,95),(47,'Miller, Anderson and Dare','Rashawnbury',36,31,81),(50,'Stanton Inc','Browncester',37,31,82),(53,'Kris - Marks','Port Jessika',38,25,92),(56,'Walker - Dickens','Bozeman',39,43,79),(59,'Bailey, Kuhlman and Mann','Rocky Mount',40,46,84),(62,'Predovic, Schuster and Johns','Jacksonville',41,16,95),(65,'Wiza and Sons','West Robyn',42,28,72),(68,'Glover - Hagenes','Wehnerworth',43,43,73),(71,'Langosh - Becker','Haagville',44,22,90),(74,'Glover Inc','Carterburgh',45,13,79),(77,'Sawayn Inc','Kennyville',46,34,83),(80,'Wilderman, Jenkins and Koelpin','Chandlermouth',47,25,88),(83,'Wolf, Schulist and Simonis','Port Cleta',48,55,82),(86,'Tillman - Berge','Destineeland',49,7,82),(89,'Rutherford - Jones','Goyetteview',50,1,89),(92,'Raynor Group','Kreigerview',51,37,78),(95,'Bosco LLC','Port Rod',52,37,81),(98,'Rippin and Sons','Michelleside',53,43,89),(101,'Wisozk - O\'Reilly','Domingofield',54,43,72),(104,'Kohler - Kreiger','Port Jamal',55,7,83),(107,'Daugherty LLC','Rosemead',56,1,95),(110,'Rippin, Watsica and Powlowski','Pagachaven',57,25,82),(113,'Sanford - Weimann','Tyreekside',58,13,83),(116,'Pagac Group','South Lowell',59,31,79),(119,'D\'Amore - Daugherty','Olsonfurt',60,13,77),(122,'Kuphal and Sons','Littleborough',61,55,77),(125,'Gerhold, Ruecker and Kris','Edamouth',62,43,89),(128,'Jenkins, Wisoky and Beer','East Efrainberg',63,4,74),(131,'Gulgowski, Corkery and Runte','Berwyn',64,40,73),(134,'Boehm LLC','East Los Angeles',65,10,78),(137,'Ankunding Group','Flofield',66,16,80),(140,'Stark, Walsh and Labadie','Mentor',67,28,74),(143,'Nader - Mohr','North Lemuel',68,13,71),(146,'Conroy and Sons','North Cali',69,7,76),(149,'Corwin - Cremin','Kundeside',70,22,84),(152,'Wilderman - O\'Conner','Mountain View',71,31,93),(155,'Hand - Stokes','Hoover',72,31,82),(158,'Beer and Sons','Port Forrest',73,49,80),(161,'Sipes, Jacobi and Wyman','West Seneca',74,16,70),(164,'Kassulke Inc','East Taurean',75,43,83),(167,'Gutkowski, McKenzie and Reichert','New Garettberg',76,25,74),(170,'Borer, Green and Balistreri','Tamarac',77,49,73),(173,'Trantow and Sons','Bradenton',78,25,70),(176,'Heidenreich - Gerlach','Nasirboro',79,40,78),(179,'Lubowitz, Brakus and Zboncak','Catonsville',80,34,87),(182,'King, Okuneva and Sanford','Catonsville',81,22,81),(185,'Donnelly and Sons','Zenaside',82,7,86),(188,'Kessler - O\'Reilly','Fritschtown',83,10,89),(191,'Schoen, Bins and Kreiger','West Elsehaven',84,19,70),(194,'Runolfsdottir Group','Lake Isaacfort',85,34,84),(197,'Schuster, Greenholt and Hettinger','East Ephraim',86,37,70),(200,'Pouros - Boyer','South Misaelfurt',87,22,74),(203,'Haley LLC','Osvaldoland',88,16,79),(206,'Christiansen, Berge and Spencer','Elmerview',89,37,86),(209,'Haley LLC','Omariside',90,49,81),(212,'Orn, Kozey and Funk','Vallejo',91,7,80),(215,'Schmeler, Friesen and Lang','Lake Veronica',92,31,85),(218,'Stehr - Schaden','Misaelfort',93,1,84),(221,'Mayert and Sons','Cummingsworth',94,34,75),(224,'Jerde, Botsford and Hane','New Elna',95,43,90),(227,'Sauer, Boyle and Reichel','South Anibal',96,58,75),(230,'Johnston, Schuster and Reynolds','Lake Issachaven',97,34,81),(233,'Feeney, Sipes and Howell','New Josiannehaven',98,49,93),(236,'Grant Inc','Dorrishaven',99,40,71),(239,'Hauck - Kuhic','Chico',100,49,83),(242,'Runte - Shields','Newark',101,4,91),(245,'Heaney - Hickle','East Reagan',102,46,74),(248,'Corkery - Wyman','Hartford',103,10,73),(251,'Wilkinson, Shanahan and Beer','Fort Ebba',104,43,95),(254,'Blanda, Aufderhar and Reichel','Roseville',105,13,73),(257,'McCullough, Ritchie and Quitzon','Howellworth',106,16,76),(260,'Doyle Group','West Beryl',107,55,91),(263,'Glover, Hoeger and D\'Amore','Rosalindfield',108,58,72),(266,'Bins - Parker','Lefflerstead',109,34,75),(269,'Hessel - Gutkowski','South Alenebury',110,55,81),(272,'Hilll, Wisoky and Leannon','New Pietro',111,37,94),(275,'Schumm Inc','Emeraldside',112,10,90),(278,'Stamm Inc','Watsicachester',113,13,93),(281,'Leffler and Sons','Corrineberg',114,25,90),(284,'Ernser, Cartwright and Williamson','Walkerfurt',115,52,85),(287,'Thiel, Kuvalis and Jaskolski','Catalina Foothills',116,10,86),(290,'Hammes Group','North Esmeralda',117,31,89),(293,'Luettgen - Blick','Pearl City',118,7,94),(296,'Breitenberg Inc','Pittsfield',119,52,91),(299,'D\'Amore - Orn','Saginaw',120,16,92),(302,'O\'Kon LLC','Lonnymouth',121,16,87),(305,'Satterfield, Kilback and Waelchi','Pollichhaven',122,13,93),(308,'Spinka Group','Lake Angelaburgh',123,25,94),(311,'Morissette and Sons','Corona',124,1,95),(314,'Jacobson Inc','New Quincy',125,49,89),(317,'Stark, Schamberger and Emmerich','Hammond',126,10,87),(320,'Rath, Cassin and Friesen','Omafort',127,1,89),(323,'Cole, Crona and Crona','Port Henriport',128,13,91),(326,'Mosciski, Walker and Bergnaum','North Ova',129,58,89),(329,'Moore - Rau','Edinburg',130,25,93);
/*!40000 ALTER TABLE `seleksi_kesehatan` ENABLE KEYS */;
UNLOCK TABLES;

--
-- Table structure for table `wawancara`
--

DROP TABLE IF EXISTS `wawancara`;
/*!40101 SET @saved_cs_client     = @@character_set_client */;
/*!40101 SET character_set_client = utf8 */;
CREATE TABLE `wawancara` (
  `id_wawancara` int(11) NOT NULL,
  `jenis_wawancara` varchar(255) DEFAULT NULL,
  `sesi_wawancara` varchar(255) DEFAULT NULL,
  `id_mahasiswa` int(11) DEFAULT NULL,
  `nilai` int(10) unsigned DEFAULT NULL CHECK (`nilai` between 0 and 100),
  PRIMARY KEY (`id_wawancara`),
  KEY `id_mahasiswa` (`id_mahasiswa`),
  CONSTRAINT `wawancara_ibfk_1` FOREIGN KEY (`id_wawancara`) REFERENCES `seleksi` (`id_seleksi`),
  CONSTRAINT `wawancara_ibfk_2` FOREIGN KEY (`id_mahasiswa`) REFERENCES `mahasiswa` (`id_mahasiswa`)
) ENGINE=InnoDB DEFAULT CHARSET=utf8mb4 COLLATE=utf8mb4_general_ci;
/*!40101 SET character_set_client = @saved_cs_client */;

--
-- Dumping data for table `wawancara`
--

LOCK TABLES `wawancara` WRITE;
/*!40000 ALTER TABLE `wawancara` DISABLE KEYS */;
INSERT INTO `wawancara` VALUES (3,'offline','Pagi',21,77),(6,'offline','Siang',22,68),(9,'online','Pagi',23,94),(12,'online','Sore',24,55),(15,'offline','Siang',25,95),(18,'offline','Sore',26,82),(21,'online','Sore',27,47),(24,'offline','Pagi',28,83),(27,'offline','Siang',29,92),(30,'online','Sore',30,60),(33,'online','Siang',31,79),(36,'offline','Sore',32,52),(39,'online','Pagi',33,53),(42,'offline','Sore',34,74),(45,'offline','Siang',35,94),(48,'offline','Siang',36,70),(51,'offline','Sore',37,54),(54,'offline','Siang',38,92),(57,'online','Pagi',39,41),(60,'online','Pagi',40,87),(63,'offline','Pagi',41,41),(66,'online','Siang',42,73),(69,'online','Pagi',43,81),(72,'online','Siang',44,87),(75,'offline','Sore',45,41),(78,'offline','Pagi',46,92),(81,'offline','Siang',47,89),(84,'offline','Pagi',48,55),(87,'offline','Pagi',49,95),(90,'offline','Pagi',50,66),(93,'online','Pagi',51,73),(96,'online','Sore',52,43),(99,'online','Sore',53,87),(102,'online','Pagi',54,63),(105,'online','Pagi',55,88),(108,'online','Pagi',56,67),(111,'offline','Siang',57,42),(114,'offline','Sore',58,88),(117,'offline','Siang',59,82),(120,'offline','Siang',60,50),(123,'online','Pagi',61,87),(126,'online','Siang',62,85),(129,'offline','Pagi',63,40),(132,'online','Sore',64,48),(135,'online','Siang',65,89),(138,'offline','Siang',66,72),(141,'offline','Pagi',67,60),(144,'offline','Sore',68,94),(147,'online','Pagi',69,67),(150,'online','Sore',70,79),(153,'online','Sore',71,81),(156,'offline','Siang',72,52),(159,'online','Sore',73,87),(162,'offline','Sore',74,84),(165,'offline','Sore',75,60),(168,'online','Pagi',76,90),(171,'offline','Sore',77,93),(174,'online','Pagi',78,69),(177,'offline','Sore',79,91),(180,'offline','Siang',80,73),(183,'offline','Sore',81,43),(186,'online','Sore',82,56),(189,'offline','Pagi',83,48),(192,'offline','Pagi',84,72),(195,'online','Siang',85,82),(198,'online','Siang',86,82),(201,'online','Siang',87,51),(204,'offline','Sore',88,95),(207,'offline','Pagi',89,82),(210,'online','Sore',90,42),(213,'offline','Pagi',91,89),(216,'online','Sore',92,63),(219,'offline','Sore',93,60),(222,'offline','Sore',94,90),(225,'online','Pagi',95,58),(228,'online','Siang',96,54),(231,'online','Siang',97,91),(234,'offline','Siang',98,80),(237,'offline','Sore',99,58),(240,'offline','Sore',100,95),(243,'offline','Sore',101,62),(246,'online','Sore',102,71),(249,'online','Pagi',103,94),(252,'online','Siang',104,69),(255,'offline','Sore',105,75),(258,'offline','Pagi',106,85),(261,'offline','Sore',107,83),(264,'online','Sore',108,56),(267,'online','Pagi',109,81),(270,'offline','Siang',110,87),(273,'offline','Sore',111,80),(276,'online','Siang',112,88),(279,'online','Pagi',113,84),(282,'offline','Siang',114,87),(285,'online','Sore',115,92),(288,'offline','Sore',116,91),(291,'offline','Sore',117,82),(294,'online','Pagi',118,84),(297,'online','Pagi',119,83),(300,'online','Siang',120,86),(303,'offline','Siang',121,81),(306,'offline','Sore',122,95),(309,'offline','Pagi',123,88),(312,'online','Pagi',124,85),(315,'online','Siang',125,95),(318,'offline','Pagi',126,81),(321,'offline','Sore',127,86),(324,'online','Pagi',128,87),(327,'offline','Sore',129,83),(330,'online','Siang',130,90);
/*!40000 ALTER TABLE `wawancara` ENABLE KEYS */;
UNLOCK TABLES;
/*!40103 SET TIME_ZONE=@OLD_TIME_ZONE */;

/*!40101 SET SQL_MODE=@OLD_SQL_MODE */;
/*!40014 SET FOREIGN_KEY_CHECKS=@OLD_FOREIGN_KEY_CHECKS */;
/*!40014 SET UNIQUE_CHECKS=@OLD_UNIQUE_CHECKS */;
/*!40101 SET CHARACTER_SET_CLIENT=@OLD_CHARACTER_SET_CLIENT */;
/*!40101 SET CHARACTER_SET_RESULTS=@OLD_CHARACTER_SET_RESULTS */;
/*!40101 SET COLLATION_CONNECTION=@OLD_COLLATION_CONNECTION */;
/*!40111 SET SQL_NOTES=@OLD_SQL_NOTES */;

-- Dump completed on 2023-04-09 13:10:24
