-- MariaDB dump 10.19  Distrib 10.11.1-MariaDB, for Win64 (AMD64)
--
-- Host: localhost    Database: tubes_basdat
-- ------------------------------------------------------
-- Server version	10.11.1-MariaDB

/*!40101 SET @OLD_CHARACTER_SET_CLIENT=@@CHARACTER_SET_CLIENT */;
/*!40101 SET @OLD_CHARACTER_SET_RESULTS=@@CHARACTER_SET_RESULTS */;
/*!40101 SET @OLD_COLLATION_CONNECTION=@@COLLATION_CONNECTION */;
/*!40101 SET NAMES utf8mb4 */;
/*!40103 SET @OLD_TIME_ZONE=@@TIME_ZONE */;
/*!40103 SET TIME_ZONE='+00:00' */;
/*!40014 SET @OLD_UNIQUE_CHECKS=@@UNIQUE_CHECKS, UNIQUE_CHECKS=0 */;
/*!40014 SET @OLD_FOREIGN_KEY_CHECKS=@@FOREIGN_KEY_CHECKS, FOREIGN_KEY_CHECKS=0 */;
/*!40101 SET @OLD_SQL_MODE=@@SQL_MODE, SQL_MODE='NO_AUTO_VALUE_ON_ZERO' */;
/*!40111 SET @OLD_SQL_NOTES=@@SQL_NOTES, SQL_NOTES=0 */;

--
-- Temporary table structure for view `data_kelulusan_seleksi`
--

DROP TABLE IF EXISTS `data_kelulusan_seleksi`;
/*!50001 DROP VIEW IF EXISTS `data_kelulusan_seleksi`*/;
SET @saved_cs_client     = @@character_set_client;
SET character_set_client = utf8;
/*!50001 CREATE VIEW `data_kelulusan_seleksi` AS SELECT
 1 AS `seleksi`,
  1 AS `total`,
  1 AS `nilai_avg`,
  1 AS `nilai_max`,
  1 AS `nilai_min` */;
SET character_set_client = @saved_cs_client;

--
-- Table structure for table `dokter`
--

DROP TABLE IF EXISTS `dokter`;
/*!40101 SET @saved_cs_client     = @@character_set_client */;
/*!40101 SET character_set_client = utf8 */;
CREATE TABLE `dokter` (
  `id_dokter` int(11) NOT NULL,
  `spesialis` varchar(255) DEFAULT NULL,
  PRIMARY KEY (`id_dokter`),
  CONSTRAINT `dokter_ibfk_1` FOREIGN KEY (`id_dokter`) REFERENCES `panitia` (`id_panitia`)
) ENGINE=InnoDB DEFAULT CHARSET=utf8mb4 COLLATE=utf8mb4_general_ci;
/*!40101 SET character_set_client = @saved_cs_client */;

--
-- Dumping data for table `dokter`
--

LOCK TABLES `dokter` WRITE;
/*!40000 ALTER TABLE `dokter` DISABLE KEYS */;
INSERT INTO `dokter` VALUES
(1,'Umum'),
(4,'Kedokteran Olahraga'),
(7,'Kedokteran Olahraga'),
(10,'Kedokteran Olahraga'),
(13,'Spesialis Jiwa'),
(16,'Umum'),
(19,'Umum'),
(22,'Umum'),
(25,'Kedokteran Olahraga'),
(28,'Spesialis Jiwa'),
(31,'Spesialis Jiwa'),
(34,'Umum'),
(37,'Kedokteran Olahraga'),
(40,'Spesialis Jiwa'),
(43,'Spesialis Jiwa'),
(46,'Kedokteran Olahraga'),
(49,'Kedokteran Olahraga'),
(52,'Kedokteran Olahraga'),
(55,'Spesialis Jiwa'),
(58,'Umum');
/*!40000 ALTER TABLE `dokter` ENABLE KEYS */;
UNLOCK TABLES;

--
-- Table structure for table `jenis_seleksi`
--

DROP TABLE IF EXISTS `jenis_seleksi`;
/*!40101 SET @saved_cs_client     = @@character_set_client */;
/*!40101 SET character_set_client = utf8 */;
CREATE TABLE `jenis_seleksi` (
  `jenis_seleksi` enum('psikotes','kesehatan','wawancara') NOT NULL,
  `passing_grade` float unsigned DEFAULT NULL CHECK (`passing_grade` between 0 and 100),
  PRIMARY KEY (`jenis_seleksi`)
) ENGINE=InnoDB DEFAULT CHARSET=utf8mb4 COLLATE=utf8mb4_general_ci;
/*!40101 SET character_set_client = @saved_cs_client */;

--
-- Dumping data for table `jenis_seleksi`
--

LOCK TABLES `jenis_seleksi` WRITE;
/*!40000 ALTER TABLE `jenis_seleksi` DISABLE KEYS */;
INSERT INTO `jenis_seleksi` VALUES
('psikotes',80),
('kesehatan',85),
('wawancara',80);
/*!40000 ALTER TABLE `jenis_seleksi` ENABLE KEYS */;
UNLOCK TABLES;

--
-- Table structure for table `lampiran`
--

DROP TABLE IF EXISTS `lampiran`;
/*!40101 SET @saved_cs_client     = @@character_set_client */;
/*!40101 SET character_set_client = utf8 */;
CREATE TABLE `lampiran` (
  `id_lampiran` int(11) NOT NULL AUTO_INCREMENT,
  `link_file` varchar(255) DEFAULT NULL,
  `jenis_lampiran` varchar(255) DEFAULT NULL,
  `nama_file` varchar(255) DEFAULT NULL,
  `tanggal_unggah_file` date DEFAULT NULL,
  `id_mahasiswa` int(11) DEFAULT NULL,
  PRIMARY KEY (`id_lampiran`),
  UNIQUE KEY `link_file` (`link_file`),
  KEY `id_mahasiswa` (`id_mahasiswa`),
  CONSTRAINT `lampiran_ibfk_1` FOREIGN KEY (`id_mahasiswa`) REFERENCES `mahasiswa` (`id_mahasiswa`)
) ENGINE=InnoDB AUTO_INCREMENT=363 DEFAULT CHARSET=utf8mb4 COLLATE=utf8mb4_general_ci;
/*!40101 SET character_set_client = @saved_cs_client */;

--
-- Dumping data for table `lampiran`
--

LOCK TABLES `lampiran` WRITE;
/*!40000 ALTER TABLE `lampiran` DISABLE KEYS */;
INSERT INTO `lampiran` VALUES
(1,'https://questionable-glutamate.net','surat rekomendasi dosen','bitterly_supposing.pdf','2023-03-20',1),
(2,'https://rough-newsletter.com','transkrip nilai','lime_forward.pdf','2023-03-20',1),
(3,'http://greedy-margin.org','surat rekomendasi dosen','project_henry.pdf','2023-04-25',2),
(4,'https://unhappy-latitude.name','ijazah s1','mother_till.pdf','2023-04-29',2),
(5,'https://terrible-hatchling.org','surat rekomendasi dosen','new.pdf','2023-03-13',3),
(6,'https://bountiful-shoulder.info','surat rekomendasi dosen','so_violet.pdf','2023-04-01',4),
(7,'http://raw-foodstuffs.com','transkrip nilai','jeep_consultant_female.pdf','2023-04-24',4),
(8,'http://gruesome-ikebana.name','surat rekomendasi dosen','protocol_teal_enormously.pdf','2023-04-07',5),
(9,'http://sore-celebration.org','surat rekomendasi dosen','jazz_cambridgeshire_meanwhile.pdf','2023-04-03',6),
(10,'https://self-reliant-facsimile.name','ijazah s1','hybrid.pdf','2023-04-29',6),
(11,'http://tempting-godparent.org','ijazah s1','mmm_soluta_cuban.pdf','2023-04-01',7),
(12,'https://unequaled-panic.info','transkrip nilai','bandwidth.pdf','2023-03-07',8),
(13,'https://sick-collateral.biz','ijazah s1','senior.pdf','2023-04-25',8),
(14,'http://ashamed-chin.com','ijazah s1','bicycle_response_auxiliary.pdf','2023-04-16',9),
(15,'http://gargantuan-patroller.biz','surat rekomendasi dosen','matrix_voluptate_moderator.pdf','2023-04-02',9),
(16,'http://frilly-crumb.net','transkrip nilai','rock_portals_teal.pdf','2023-03-06',10),
(17,'https://bountiful-silo.info','surat rekomendasi dosen','portals_reboot.pdf','2023-03-19',11),
(18,'https://scarce-lung.com','transkrip nilai','indexing_whirring_concrete.pdf','2023-03-12',11),
(19,'https://arctic-pantry.net','surat rekomendasi dosen','east_connecting_outdoors.pdf','2023-03-20',12),
(20,'https://steel-colonisation.net','ijazah s1','pinworm_south.pdf','2023-03-07',12),
(21,'https://buttery-migration.org','ijazah s1','administration_connecting.pdf','2023-04-26',13),
(22,'http://capital-vest.net','surat rekomendasi dosen','reciprocal_necessitatibus.pdf','2023-04-21',13),
(23,'http://foolhardy-processing.net','surat rekomendasi dosen','neutrois_purple_bitterly.pdf','2023-04-06',14),
(24,'http://past-hammock.name','transkrip nilai','cargo_grey.pdf','2023-04-16',14),
(25,'https://monthly-dulcimer.name','ijazah s1','pizza_porsche.pdf','2023-04-08',15),
(26,'http://flawed-someplace.name','transkrip nilai','green.pdf','2023-04-16',15),
(27,'https://incomplete-spectacle.com','transkrip nilai','till_toolset_dynamic.pdf','2023-03-14',16),
(28,'https://worthless-cheer.name','surat rekomendasi dosen','international_graphic_northwest.pdf','2023-04-12',17),
(29,'https://fragrant-chipmunk.name','transkrip nilai','female_metal_plastic.pdf','2023-04-20',18),
(30,'http://motherly-oak.info','surat rekomendasi dosen','francium_hybrid_louisiana.pdf','2023-03-24',19),
(31,'https://rapid-barbeque.org','transkrip nilai','bicycle.pdf','2023-04-30',19),
(32,'https://blue-lunch.com','surat rekomendasi dosen','bruen_function_central.pdf','2023-04-23',20),
(33,'http://puzzled-simple.info','ijazah s1','ruble_implementation_mountain.pdf','2023-03-30',21),
(34,'https://warlike-fahrenheit.name','transkrip nilai','hybrid_ergonomic_application.pdf','2023-03-02',21),
(35,'http://jumpy-industrialization.com','surat rekomendasi dosen','beggar_stimulating_redundant.pdf','2023-04-24',21),
(36,'http://cultured-rite.net','ijazah s1','trans_jelly.pdf','2023-03-09',22),
(37,'https://crushing-raincoat.biz','transkrip nilai','west_gloves_subgroup.pdf','2023-03-17',22),
(38,'https://rigid-isolation.name','surat rekomendasi dosen','horizontal.pdf','2023-03-19',22),
(39,'https://angelic-marshmallow.name','ijazah s1','benchmark_producer.pdf','2023-04-09',23),
(40,'http://earnest-current.com','transkrip nilai','usability.pdf','2023-04-17',23),
(41,'http://plump-vendor.name','surat rekomendasi dosen','ivory.pdf','2023-04-17',23),
(42,'http://wry-hub.com','ijazah s1','ideal_transmitter.pdf','2023-03-31',24),
(43,'https://glistening-disposal.name','transkrip nilai','copy_rap_swiss.pdf','2023-04-14',24),
(44,'https://glaring-teller.biz','surat rekomendasi dosen','than_leverage.pdf','2023-04-13',24),
(45,'https://brave-amnesty.org','ijazah s1','southwest.pdf','2023-03-29',25),
(46,'https://showy-oatmeal.net','transkrip nilai','port.pdf','2023-04-20',25),
(47,'https://murky-component.org','surat rekomendasi dosen','benz_watt.pdf','2023-04-07',25),
(48,'http://average-mid-course.org','ijazah s1','frame.pdf','2023-03-21',26),
(49,'http://acrobatic-quilt.name','transkrip nilai','override.pdf','2023-03-16',26),
(50,'https://sugary-zombie.info','surat rekomendasi dosen','feed_steel.pdf','2023-03-05',26),
(51,'http://prickly-monument.org','ijazah s1','van.pdf','2023-04-17',27),
(52,'http://grubby-coach.com','transkrip nilai','hat.pdf','2023-04-11',27),
(53,'http://monumental-observatory.info','surat rekomendasi dosen','female_usb_chile.pdf','2023-04-25',27),
(54,'http://periodic-surface.info','ijazah s1','officer.pdf','2023-04-03',28),
(55,'http://super-tin.com','transkrip nilai','strategist_account.pdf','2023-04-21',28),
(56,'https://spry-divorce.biz','surat rekomendasi dosen','policy_convertible_west.pdf','2023-03-03',28),
(57,'https://jumpy-pitch.info','ijazah s1','mariano.pdf','2023-04-03',29),
(58,'https://luxurious-parameter.org','transkrip nilai','zloty.pdf','2023-03-13',29),
(59,'http://pleasing-narrative.org','surat rekomendasi dosen','northeast_soft_generating.pdf','2023-04-05',29),
(60,'https://doting-confirmation.net','ijazah s1','yowza_cambridgeshire.pdf','2023-04-29',30),
(61,'https://shady-crewman.name','transkrip nilai','borders_avon_uselessly.pdf','2023-03-04',30),
(62,'http://hot-incarnation.org','surat rekomendasi dosen','east_einsteinium_diesel.pdf','2023-04-24',30),
(63,'http://easy-going-pitcher.biz','ijazah s1','green_payment_gallium.pdf','2023-03-30',31),
(64,'http://spotted-jalapeño.info','transkrip nilai','not_bentley.pdf','2023-03-23',31),
(65,'https://defensive-wait.com','surat rekomendasi dosen','female.pdf','2023-04-24',31),
(66,'https://expert-trillion.info','ijazah s1','optical_lightning_hybrid.pdf','2023-03-14',32),
(67,'https://sweaty-boon.biz','transkrip nilai','avon.pdf','2023-04-12',32),
(68,'https://tiny-sensitivity.name','surat rekomendasi dosen','sql_minivan.pdf','2023-03-22',32),
(69,'https://paltry-jumper.net','ijazah s1','jewelery_within_majestic.pdf','2023-04-28',33),
(70,'https://hearty-hops.com','transkrip nilai','northeast_ergonomic_small.pdf','2023-03-10',33),
(71,'http://tangible-microphone.net','surat rekomendasi dosen','van_rolls.pdf','2023-04-10',33),
(72,'http://wide-eyed-collateral.org','ijazah s1','abaft.pdf','2023-04-29',34),
(73,'https://coordinated-briefing.biz','transkrip nilai','blue_neural.pdf','2023-03-05',34),
(74,'https://careless-term.org','surat rekomendasi dosen','whether_switzerland.pdf','2023-04-14',34),
(75,'https://far-off-clone.org','ijazah s1','likewise_stinger.pdf','2023-03-21',35),
(76,'http://illustrious-toast.org','transkrip nilai','suv_executive.pdf','2023-04-27',35),
(77,'https://dishonest-dividend.name','surat rekomendasi dosen','infrastructure_leu_roentgenium.pdf','2023-04-07',35),
(78,'http://torn-stot.biz','ijazah s1','female.pdf','2023-04-27',36),
(79,'http://insignificant-windshield.net','transkrip nilai','diesel_fedelini.pdf','2023-04-14',36),
(80,'http://trusting-technician.info','surat rekomendasi dosen','connecting_market.pdf','2023-04-28',36),
(81,'https://tan-commission.name','ijazah s1','clothing_extend_moroccan.pdf','2023-04-17',37),
(82,'https://neglected-nibble.com','transkrip nilai','defray_peso_senior.pdf','2023-03-15',37),
(83,'https://puzzling-level.biz','surat rekomendasi dosen','mole_west.pdf','2023-04-03',37),
(84,'http://outlying-comparison.name','ijazah s1','bromine_female_sick.pdf','2023-03-03',38),
(85,'https://overdue-insect.com','transkrip nilai','haag_creative_unto.pdf','2023-03-09',38),
(86,'https://spotless-straw.org','surat rekomendasi dosen','southeast.pdf','2023-03-04',38),
(87,'https://doting-nucleotidase.net','ijazah s1','migration_niches.pdf','2023-03-04',39),
(88,'http://acceptable-history.info','transkrip nilai','research.pdf','2023-04-13',39),
(89,'http://lucky-vegetable.com','surat rekomendasi dosen','cambridgeshire.pdf','2023-04-23',39),
(90,'https://mountainous-enclosure.org','ijazah s1','haptic_trans_weber.pdf','2023-04-03',40),
(91,'http://prickly-plant.com','transkrip nilai','south.pdf','2023-03-06',40),
(92,'http://wasteful-sucker.com','surat rekomendasi dosen','coinsurance_gloves.pdf','2023-03-31',40),
(93,'http://solid-streetcar.org','ijazah s1','verde_molestias.pdf','2023-03-21',41),
(94,'https://spicy-brewer.info','transkrip nilai','uranium_bicycle_elegant.pdf','2023-04-15',41),
(95,'http://sorrowful-leaf.biz','surat rekomendasi dosen','personal.pdf','2023-04-29',41),
(96,'https://brief-marketplace.info','ijazah s1','freely_redefine.pdf','2023-04-01',42),
(97,'https://whirlwind-daily.net','transkrip nilai','ew_lux_garden.pdf','2023-03-04',42),
(98,'http://bony-sound.name','surat rekomendasi dosen','wireless_paradigm.pdf','2023-04-18',42),
(99,'https://likable-carpet.info','ijazah s1','som_northeast.pdf','2023-04-18',43),
(100,'https://flashy-granny.org','transkrip nilai','female_vortals_sedan.pdf','2023-04-13',43),
(101,'http://sugary-asset.com','surat rekomendasi dosen','liaison_towels_maroon.pdf','2023-04-17',43),
(102,'https://polite-counter-force.name','ijazah s1','chips_coordinator.pdf','2023-03-31',44),
(103,'http://gorgeous-strategy.biz','transkrip nilai','bmw_southeast_capacity.pdf','2023-04-06',44),
(104,'https://conscious-corporation.com','surat rekomendasi dosen','tin_female.pdf','2023-03-18',44),
(105,'https://abandoned-text.name','ijazah s1','kilogram.pdf','2023-04-24',45),
(106,'https://early-baseball.net','transkrip nilai','plus.pdf','2023-03-25',45),
(107,'http://insignificant-zipper.com','surat rekomendasi dosen','directives_deliverables_male.pdf','2023-03-22',45),
(108,'http://verifiable-drummer.biz','ijazah s1','lux_male.pdf','2023-03-23',46),
(109,'https://positive-longitude.net','transkrip nilai','http_marketing.pdf','2023-04-26',46),
(110,'https://massive-chess.org','surat rekomendasi dosen','borders.pdf','2023-04-07',46),
(111,'https://necessary-truth.biz','ijazah s1','ssl_agp.pdf','2023-03-13',47),
(112,'https://meaty-publicity.net','transkrip nilai','smart_visionary_lead.pdf','2023-03-20',47),
(113,'https://pastel-lawyer.org','surat rekomendasi dosen','latin_gee_account.pdf','2023-04-24',47),
(114,'https://wet-advertising.biz','ijazah s1','diadem.pdf','2023-03-24',48),
(115,'https://mixed-fitness.org','transkrip nilai','state.pdf','2023-04-14',48),
(116,'http://trusty-alpha.info','surat rekomendasi dosen','uruguayo.pdf','2023-03-21',48),
(117,'https://apt-litmus.name','ijazah s1','coupe_cuba.pdf','2023-03-22',49),
(118,'https://decisive-sauerkraut.biz','transkrip nilai','emasculate_saepe.pdf','2023-04-08',49),
(119,'http://satisfied-talking.org','surat rekomendasi dosen','facilitator_future_cyclocross.pdf','2023-03-23',49),
(120,'https://feminine-tie.net','ijazah s1','savior.pdf','2023-03-05',50),
(121,'https://formal-sow.net','transkrip nilai','harrisburg_portals_patter.pdf','2023-04-10',50),
(122,'http://ethical-cock.name','surat rekomendasi dosen','zero_crib_systems.pdf','2023-03-14',50),
(123,'https://flippant-statistics.org','ijazah s1','salad.pdf','2023-03-16',51),
(124,'http://far-flung-tax.biz','transkrip nilai','gasoline.pdf','2023-03-14',51),
(125,'https://subtle-tamale.com','surat rekomendasi dosen','overriding_cultivate.pdf','2023-03-22',51),
(126,'https://aromatic-locust.net','ijazah s1','bronze_soft_clovis.pdf','2023-03-17',52),
(127,'https://terrific-passage.org','transkrip nilai','systems_generic_hospitalisation.pdf','2023-04-16',52),
(128,'https://anchored-loft.info','surat rekomendasi dosen','sedan_cohesive_israel.pdf','2023-04-20',52),
(129,'http://important-moon.com','ijazah s1','upright_global.pdf','2023-03-23',53),
(130,'https://charming-painter.name','transkrip nilai','international.pdf','2023-03-28',53),
(131,'http://tiny-economics.com','surat rekomendasi dosen','dram_hybrid_national.pdf','2023-03-13',53),
(132,'https://distorted-life.com','ijazah s1','oriental_electric_models.pdf','2023-03-12',54),
(133,'http://advanced-roast.org','transkrip nilai','watt.pdf','2023-04-23',54),
(134,'http://fearless-gladiolus.info','surat rekomendasi dosen','systematic_aluminium.pdf','2023-04-28',54),
(135,'https://fake-diesel.net','ijazah s1','excluding_http_female.pdf','2023-04-15',55),
(136,'http://doting-plight.org','transkrip nilai','withdrawal.pdf','2023-03-31',55),
(137,'https://venerated-mist.name','surat rekomendasi dosen','rubber.pdf','2023-03-11',55),
(138,'https://complicated-dog.biz','ijazah s1','maximized_granite_compress.pdf','2023-03-14',56),
(139,'https://short-term-purse.info','transkrip nilai','female.pdf','2023-03-12',56),
(140,'http://boiling-bull.com','surat rekomendasi dosen','maserati.pdf','2023-03-04',56),
(141,'http://marvelous-weekender.net','ijazah s1','gold_southwest_parse.pdf','2023-04-25',57),
(142,'https://bowed-lawn.net','transkrip nilai','branding_chips_possimus.pdf','2023-04-09',57),
(143,'https://prize-index.biz','surat rekomendasi dosen','urge_bozeman_compress.pdf','2023-03-12',57),
(144,'https://dense-poisoning.com','ijazah s1','rustic.pdf','2023-03-29',58),
(145,'http://sweltering-department.com','transkrip nilai','embrace_whoa.pdf','2023-04-26',58),
(146,'http://international-aardvark.com','surat rekomendasi dosen','concrete.pdf','2023-04-20',58),
(147,'http://personal-lever.org','ijazah s1','northwest_apud_tenetur.pdf','2023-04-05',59),
(148,'https://profitable-text.info','transkrip nilai','east_integrate_withdrawal.pdf','2023-03-26',59),
(149,'https://known-savory.biz','surat rekomendasi dosen','oxygen_hacking.pdf','2023-04-13',59),
(150,'https://quaint-cupola.net','ijazah s1','gasoline_hyundai.pdf','2023-04-14',60),
(151,'https://rotating-ratepayer.net','transkrip nilai','suv.pdf','2023-03-02',60),
(152,'https://closed-airspace.net','surat rekomendasi dosen','gasoline.pdf','2023-04-17',60),
(153,'http://poised-newsprint.net','ijazah s1','games_female_utah.pdf','2023-03-30',61),
(154,'https://woozy-technology.net','transkrip nilai','yttrium_without_assurance.pdf','2023-03-23',61),
(155,'https://brilliant-angiosperm.org','surat rekomendasi dosen','neural.pdf','2023-03-10',61),
(156,'https://elementary-distribution.biz','ijazah s1','throughway.pdf','2023-03-03',62),
(157,'http://brisk-asymmetry.com','transkrip nilai','generate_smtp.pdf','2023-03-04',62),
(158,'http://trivial-peony.biz','surat rekomendasi dosen','computers_script.pdf','2023-04-14',62),
(159,'https://cumbersome-subconscious.org','ijazah s1','regain.pdf','2023-04-07',63),
(160,'https://massive-word.name','transkrip nilai','van.pdf','2023-03-25',63),
(161,'http://unsightly-aspic.name','surat rekomendasi dosen','avon_planner.pdf','2023-03-27',63),
(162,'http://grateful-draw.name','ijazah s1','since_guilder_future.pdf','2023-03-06',64),
(163,'https://gregarious-clay.biz','transkrip nilai','invoice_frozen.pdf','2023-03-08',64),
(164,'https://each-heaven.name','surat rekomendasi dosen','south_superstructure.pdf','2023-03-02',64),
(165,'https://sandy-increase.com','ijazah s1','obediently_suv.pdf','2023-03-17',65),
(166,'http://roasted-strawman.com','transkrip nilai','neither.pdf','2023-03-23',65),
(167,'http://hateful-eyrie.com','surat rekomendasi dosen','southwest_efficient.pdf','2023-03-15',65),
(168,'https://scented-coordinator.org','ijazah s1','interface_concrete.pdf','2023-04-04',66),
(169,'https://sentimental-sale.biz','transkrip nilai','override_workforce.pdf','2023-04-18',66),
(170,'https://mushy-whale.info','surat rekomendasi dosen','congolese.pdf','2023-04-09',66),
(171,'https://present-confidentiality.com','ijazah s1','male.pdf','2023-03-18',67),
(172,'http://radiant-ideal.biz','transkrip nilai','rejig_cyan.pdf','2023-04-05',67),
(173,'http://exciting-obstacle.org','surat rekomendasi dosen','copy_sharpen_huzzah.pdf','2023-03-14',67),
(174,'https://unripe-lightning.org','ijazah s1','diesel.pdf','2023-03-12',68),
(175,'https://ideal-fondue.info','transkrip nilai','netherlands_fitness.pdf','2023-04-03',68),
(176,'https://untimely-subsidence.name','surat rekomendasi dosen','hybrid.pdf','2023-03-09',68),
(177,'http://blushing-volatility.biz','ijazah s1','rolls.pdf','2023-04-26',69),
(178,'https://forked-pledge.org','transkrip nilai','west_bronze_executive.pdf','2023-03-02',69),
(179,'https://timely-nonbeliever.info','surat rekomendasi dosen','ergonomic_hybrid_northwest.pdf','2023-03-27',69),
(180,'https://violet-sportsman.com','ijazah s1','fish_east.pdf','2023-04-22',70),
(181,'http://arid-vegetarianism.net','transkrip nilai','gorgeous_female_birr.pdf','2023-04-11',70),
(182,'http://partial-warden.net','surat rekomendasi dosen','placeat_hybrid_west.pdf','2023-03-29',70),
(183,'http://mediocre-logistics.biz','ijazah s1','farad.pdf','2023-03-30',71),
(184,'https://woeful-eavesdropper.com','transkrip nilai','investor.pdf','2023-03-20',71),
(185,'https://intelligent-terrorist.com','surat rekomendasi dosen','interfaces.pdf','2023-03-24',71),
(186,'https://stunning-counselling.name','ijazah s1','crew_concrete.pdf','2023-04-26',72),
(187,'http://embarrassed-differential.biz','transkrip nilai','metal.pdf','2023-03-03',72),
(188,'http://extraneous-hood.info','surat rekomendasi dosen','concrete_methodical.pdf','2023-04-22',72),
(189,'http://sweaty-cupcake.biz','ijazah s1','definition_towels_cuba.pdf','2023-04-03',73),
(190,'https://sparkling-ectoderm.info','transkrip nilai','arkansas_tolerance_maserati.pdf','2023-03-19',73),
(191,'https://nifty-milestone.com','surat rekomendasi dosen','deposit.pdf','2023-04-27',73),
(192,'https://bumpy-cytokine.biz','ijazah s1','redefine_pound_identical.pdf','2023-04-28',74),
(193,'https://lawful-dish.info','transkrip nilai','audi_notwithstanding.pdf','2023-04-15',74),
(194,'https://muddy-fate.com','surat rekomendasi dosen','phased_ball.pdf','2023-04-24',74),
(195,'https://peaceful-gamma-ray.com','ijazah s1','east.pdf','2023-04-29',75),
(196,'http://busy-jaw.info','transkrip nilai','virginia_northwest_magenta.pdf','2023-03-11',75),
(197,'http://well-off-downfall.info','surat rekomendasi dosen','channels.pdf','2023-04-22',75),
(198,'https://gaseous-blowhole.com','ijazah s1','withdrawal_program_becquerel.pdf','2023-03-29',76),
(199,'http://small-cloudburst.net','transkrip nilai','asymmetric_hacking_west.pdf','2023-04-02',76),
(200,'http://oblong-stepdaughter.biz','surat rekomendasi dosen','computer_sedan_plastic.pdf','2023-04-17',76),
(201,'https://frank-slot.org','ijazah s1','global_solutions_duh.pdf','2023-04-05',77),
(202,'http://bogus-stuff.net','transkrip nilai','lamborghini_configuration.pdf','2023-03-29',77),
(203,'http://icy-ethics.info','surat rekomendasi dosen','cheese_cambridgeshire_quality.pdf','2023-04-18',77),
(204,'https://delirious-talent.com','ijazah s1','handmade_prairie.pdf','2023-03-12',78),
(205,'http://kindhearted-drake.net','transkrip nilai','tuna.pdf','2023-03-19',78),
(206,'http://original-tosser.net','surat rekomendasi dosen','24_365.pdf','2023-03-23',78),
(207,'http://hefty-astrolabe.biz','ijazah s1','north_car_female.pdf','2023-04-05',79),
(208,'https://lavish-scooter.biz','transkrip nilai','steel_table_below.pdf','2023-03-02',79),
(209,'http://odd-crowd.com','surat rekomendasi dosen','content.pdf','2023-03-24',79),
(210,'http://huge-shoes.info','ijazah s1','carefree.pdf','2023-04-06',80),
(211,'http://shoddy-cop.net','transkrip nilai','cook_definite.pdf','2023-04-19',80),
(212,'https://which-pinstripe.biz','surat rekomendasi dosen','lead.pdf','2023-03-02',80),
(213,'https://adored-mansion.com','ijazah s1','leading_secondary_steradian.pdf','2023-03-16',81),
(214,'http://grubby-shear.org','transkrip nilai','east_invoice.pdf','2023-03-26',81),
(215,'http://helpful-merchandise.name','surat rekomendasi dosen','southwest_web.pdf','2023-04-13',81),
(216,'https://wet-theater.net','ijazah s1','berkshire_ack.pdf','2023-03-22',82),
(217,'http://ready-motive.name','transkrip nilai','tuna.pdf','2023-04-02',82),
(218,'http://envious-marten.name','surat rekomendasi dosen','joule.pdf','2023-04-29',82),
(219,'http://sweltering-clip.biz','ijazah s1','chevrolet_southwest_nevada.pdf','2023-03-28',83),
(220,'https://robust-reputation.org','transkrip nilai','relationships_kwacha.pdf','2023-03-24',83),
(221,'https://gloomy-wave.name','surat rekomendasi dosen','nihil.pdf','2023-03-07',83),
(222,'https://daring-bunch.net','ijazah s1','bedfordshire.pdf','2023-04-14',84),
(223,'https://remote-caramel.biz','transkrip nilai','manager_structure.pdf','2023-03-02',84),
(224,'http://sweltering-vine.name','surat rekomendasi dosen','salmon_west.pdf','2023-04-21',84),
(225,'http://dazzling-fighter.com','ijazah s1','scale.pdf','2023-03-19',85),
(226,'http://dreary-spokesman.org','transkrip nilai','quality_reintermediate_magnesium.pdf','2023-03-24',85),
(227,'https://rundown-thrill.name','surat rekomendasi dosen','east.pdf','2023-03-07',85),
(228,'http://classic-downfall.org','ijazah s1','odit.pdf','2023-03-19',86),
(229,'https://awkward-cross-contamination.com','transkrip nilai','audi_research_scholarly.pdf','2023-03-28',86),
(230,'http://loathsome-aside.com','surat rekomendasi dosen','bicycle.pdf','2023-03-18',86),
(231,'http://jittery-deck.com','ijazah s1','farad_stable_shoes.pdf','2023-03-06',87),
(232,'https://straight-illusion.name','transkrip nilai','hmph_dynamic_astride.pdf','2023-03-09',87),
(233,'https://impassioned-honeydew.com','surat rekomendasi dosen','auto_tennessine_implemented.pdf','2023-03-29',87),
(234,'https://junior-sponsorship.info','ijazah s1','yuan_xml_south.pdf','2023-04-29',88),
(235,'https://huge-war.org','transkrip nilai','arizona.pdf','2023-04-28',88),
(236,'https://immaterial-technique.com','surat rekomendasi dosen','killer_generic_armenia.pdf','2023-04-29',88),
(237,'https://emotional-chimpanzee.name','ijazah s1','industrial_fresh.pdf','2023-03-31',89),
(238,'https://mixed-wedge.com','transkrip nilai','hacking.pdf','2023-03-02',89),
(239,'https://ultimate-summary.net','surat rekomendasi dosen','female_engineer.pdf','2023-03-29',89),
(240,'http://darling-investor.org','ijazah s1','director_account.pdf','2023-03-18',90),
(241,'http://immaculate-labourer.com','transkrip nilai','indium_if_folk.pdf','2023-03-13',90),
(242,'http://plaintive-inglenook.net','surat rekomendasi dosen','deposit.pdf','2023-03-04',90),
(243,'http://rosy-pay.com','ijazah s1','philippines_yellow.pdf','2023-04-14',91),
(244,'http://ragged-gray.org','transkrip nilai','bend_creative_fresh.pdf','2023-03-14',91),
(245,'https://giving-temper.info','surat rekomendasi dosen','burnish_payment_inasmuch.pdf','2023-03-07',91),
(246,'http://rotten-faith.biz','ijazah s1','gender_parse.pdf','2023-03-04',92),
(247,'http://selfish-patroller.net','transkrip nilai','beauty_becquerel_ocala.pdf','2023-03-26',92),
(248,'https://frequent-closing.com','surat rekomendasi dosen','hat_thoroughly.pdf','2023-03-09',92),
(249,'https://enraged-battle.com','ijazah s1','jazz.pdf','2023-04-28',93),
(250,'http://vivid-watcher.info','transkrip nilai','minnesota.pdf','2023-03-27',93),
(251,'http://stylish-folder.org','surat rekomendasi dosen','baby.pdf','2023-03-07',93),
(252,'http://total-backdrop.com','ijazah s1','generate_rap.pdf','2023-03-28',94),
(253,'http://wicked-teapot.info','transkrip nilai','bronze_wooden_hertz.pdf','2023-04-17',94),
(254,'https://shoddy-hurry.biz','surat rekomendasi dosen','little_ford.pdf','2023-04-15',94),
(255,'https://round-frenzy.org','ijazah s1','latin.pdf','2023-03-24',95),
(256,'http://worn-mutton.net','transkrip nilai','invoice_camp_at.pdf','2023-03-10',95),
(257,'http://agonizing-lap.com','surat rekomendasi dosen','program_ullam.pdf','2023-03-09',95),
(258,'http://important-ladle.biz','ijazah s1','secondary_berkshire.pdf','2023-04-13',96),
(259,'http://bare-image.info','transkrip nilai','viral_autoimmunity.pdf','2023-04-08',96),
(260,'http://antique-timbale.net','surat rekomendasi dosen','hickle.pdf','2023-03-22',96),
(261,'http://cute-aircraft.name','ijazah s1','von_shoes_liaison.pdf','2023-04-27',97),
(262,'https://impractical-sousaphone.name','transkrip nilai','suv_visualize_coordinator.pdf','2023-03-20',97),
(263,'http://female-genocide.net','surat rekomendasi dosen','rial_phooey_molestiae.pdf','2023-04-07',97),
(264,'http://low-energy.net','ijazah s1','south.pdf','2023-04-02',98),
(265,'http://oblong-vista.org','transkrip nilai','tesla_compressing.pdf','2023-03-28',98),
(266,'http://plastic-pottery.com','surat rekomendasi dosen','reissue.pdf','2023-03-29',98),
(267,'http://brown-temple.info','ijazah s1','synergize_lord.pdf','2023-03-20',99),
(268,'http://meek-antling.net','transkrip nilai','veteran_chair_lime.pdf','2023-04-27',99),
(269,'http://gigantic-temp.com','surat rekomendasi dosen','enhance.pdf','2023-03-03',99),
(270,'https://fruitful-saloon.org','ijazah s1','island_overriding.pdf','2023-03-08',100),
(271,'https://chief-bay.info','transkrip nilai','cyclocross.pdf','2023-04-03',100),
(272,'https://frayed-morale.com','surat rekomendasi dosen','northeast_open_coupe.pdf','2023-04-08',100),
(273,'http://giant-saxophone.com','ijazah s1','gasoline_dose_wireless.pdf','2023-04-01',101),
(274,'https://yearly-lifetime.com','transkrip nilai','pineapple.pdf','2023-03-25',101),
(275,'http://lazy-fairness.net','surat rekomendasi dosen','partnerships.pdf','2023-04-26',101),
(276,'http://insistent-climate.org','ijazah s1','rubber_loftily.pdf','2023-04-21',102),
(277,'https://purple-chivalry.org','transkrip nilai','steradian_gadzooks.pdf','2023-04-02',102),
(278,'https://frilly-trachoma.biz','surat rekomendasi dosen','ai.pdf','2023-04-03',102),
(279,'http://scrawny-availability.com','ijazah s1','bedfordshire.pdf','2023-03-23',103),
(280,'https://alienated-cloister.biz','transkrip nilai','b2b_northwest.pdf','2023-03-10',103),
(281,'https://basic-hardhat.info','surat rekomendasi dosen','south.pdf','2023-03-18',103),
(282,'https://brilliant-touch.biz','ijazah s1','rock_customizable.pdf','2023-04-11',104),
(283,'http://mushy-venison.com','transkrip nilai','parsing_pangender.pdf','2023-04-02',104),
(284,'https://angelic-use.info','surat rekomendasi dosen','volvo_mini.pdf','2023-03-14',104),
(285,'http://required-doorbell.com','ijazah s1','cheese_lewisville_regional.pdf','2023-04-03',105),
(286,'https://dark-supplier.info','transkrip nilai','cargo_utah_diesel.pdf','2023-03-06',105),
(287,'https://clear-downfall.com','surat rekomendasi dosen','incremental_pound.pdf','2023-03-22',105),
(288,'http://pale-pool.info','ijazah s1','siemens_coupe.pdf','2023-03-02',106),
(289,'http://delightful-gallon.info','transkrip nilai','female_deposit.pdf','2023-04-18',106),
(290,'https://powerful-pioneer.org','surat rekomendasi dosen','demiflux.pdf','2023-03-02',106),
(291,'https://pushy-lobby.info','ijazah s1','south.pdf','2023-03-14',107),
(292,'http://lined-sprinter.com','transkrip nilai','gadzooks.pdf','2023-04-27',107),
(293,'https://scornful-jaw.name','surat rekomendasi dosen','proactive_funk.pdf','2023-03-24',107),
(294,'http://assured-message.net','ijazah s1','mobility_safe.pdf','2023-04-29',108),
(295,'https://agreeable-softdrink.name','transkrip nilai','enterprise.pdf','2023-04-18',108),
(296,'http://honorable-pinworm.biz','surat rekomendasi dosen','gage_coupe.pdf','2023-03-27',108),
(297,'http://portly-accomplishment.net','ijazah s1','pixel.pdf','2023-04-21',109),
(298,'http://small-mortal.net','transkrip nilai','weber_sievert.pdf','2023-04-10',109),
(299,'https://steep-whip.org','surat rekomendasi dosen','guarani_panama_soft.pdf','2023-03-16',109),
(300,'https://necessary-tandem.biz','ijazah s1','cohesive.pdf','2023-04-11',110),
(301,'http://bronze-score.biz','transkrip nilai','south_northwest_pop.pdf','2023-04-08',110),
(302,'https://fatherly-satisfaction.name','surat rekomendasi dosen','protocol_off_soft.pdf','2023-03-21',110),
(303,'http://awkward-sandbar.name','ijazah s1','steradian.pdf','2023-04-28',111),
(304,'http://triangular-breakpoint.org','transkrip nilai','lead.pdf','2023-04-01',111),
(305,'http://earnest-dilapidation.com','surat rekomendasi dosen','architect_tan_freewheel.pdf','2023-03-11',111),
(306,'http://mountainous-snail.info','ijazah s1','array_pace_division.pdf','2023-03-05',112),
(307,'http://impassioned-sundial.info','transkrip nilai','diesel_arizona.pdf','2023-04-08',112),
(308,'https://pale-silly.com','surat rekomendasi dosen','payment_virtual.pdf','2023-03-14',112),
(309,'http://metallic-underweight.org','ijazah s1','and_mini_usability.pdf','2023-04-23',113),
(310,'http://fake-veranda.biz','transkrip nilai','woman.pdf','2023-04-29',113),
(311,'https://gigantic-defeat.name','surat rekomendasi dosen','group_implementation.pdf','2023-03-28',113),
(312,'https://hospitable-blowgun.org','ijazah s1','synthesizing_consultant_although.pdf','2023-03-22',114),
(313,'https://profitable-catacomb.name','transkrip nilai','synergistic_overriding_technologies.pdf','2023-03-24',114),
(314,'http://blond-copyright.info','surat rekomendasi dosen','hybrid_cab.pdf','2023-03-20',114),
(315,'https://mushy-embossing.name','ijazah s1','veritatis_unleash_quality.pdf','2023-03-21',115),
(316,'https://warlike-breakfast.name','transkrip nilai','apud_bedfordshire.pdf','2023-03-14',115),
(317,'http://superior-fava.com','surat rekomendasi dosen','salmon_definition_west.pdf','2023-03-18',115),
(318,'https://mortified-subsidy.org','ijazah s1','portugal_programming_volt.pdf','2023-04-07',116),
(319,'http://noted-width.net','transkrip nilai','protactinium_even.pdf','2023-03-15',116),
(320,'https://tricky-teriyaki.org','surat rekomendasi dosen','suv_roughly_soft.pdf','2023-04-03',116),
(321,'https://ironclad-devastation.org','ijazah s1','account_chill_computer.pdf','2023-04-30',117),
(322,'http://muted-lunge.name','transkrip nilai','northeast_reggae_chair.pdf','2023-04-20',117),
(323,'https://gross-gemsbok.com','surat rekomendasi dosen','rustic_system.pdf','2023-04-05',117),
(324,'https://spry-transformation.biz','ijazah s1','program_foreground.pdf','2023-04-12',118),
(325,'http://whimsical-compliment.biz','transkrip nilai','diesel_coulomb_azure.pdf','2023-04-03',118),
(326,'https://buoyant-vine.org','surat rekomendasi dosen','seldom.pdf','2023-03-19',118),
(327,'http://fickle-grammar.com','ijazah s1','radical.pdf','2023-03-05',119),
(328,'https://tan-midnight.info','transkrip nilai','argon_disrupt_computer.pdf','2023-04-05',119),
(329,'https://tricky-bassoon.biz','surat rekomendasi dosen','phew_frame_kids.pdf','2023-03-17',119),
(330,'http://brisk-advocate.biz','ijazah s1','gee_coupe_impactful.pdf','2023-04-18',120),
(331,'http://rewarding-dad.org','transkrip nilai','fitness.pdf','2023-04-04',120),
(332,'http://interesting-density.com','surat rekomendasi dosen','toyota.pdf','2023-04-20',120),
(333,'http://fixed-solidity.biz','ijazah s1','cultivate.pdf','2023-03-28',121),
(334,'http://rare-boysenberry.net','transkrip nilai','core_throughout.pdf','2023-04-17',121),
(335,'http://loyal-spectacle.biz','surat rekomendasi dosen','road.pdf','2023-04-12',121),
(336,'http://low-outlaw.name','ijazah s1','digital.pdf','2023-03-30',122),
(337,'http://small-singing.net','transkrip nilai','southwest_alabama_south.pdf','2023-03-07',122),
(338,'http://tempting-quotation.com','surat rekomendasi dosen','besides_ratione.pdf','2023-04-19',122),
(339,'http://rich-waterwheel.info','ijazah s1','electric.pdf','2023-03-02',123),
(340,'https://honest-exaggeration.info','transkrip nilai','until.pdf','2023-03-05',123),
(341,'https://definite-finger.biz','surat rekomendasi dosen','music_mindshare.pdf','2023-03-02',123),
(342,'https://deadly-conflict.org','ijazah s1','palladium_sports.pdf','2023-03-05',124),
(343,'http://lost-tailor.net','transkrip nilai','liechtenstein.pdf','2023-04-03',124),
(344,'https://happy-go-lucky-formal.com','surat rekomendasi dosen','partially.pdf','2023-03-16',124),
(345,'http://moral-mangle.name','ijazah s1','designer_buckinghamshire_keyboard.pdf','2023-03-26',125),
(346,'https://loose-manager.biz','transkrip nilai','bicycle_lamborghini.pdf','2023-04-17',125),
(347,'http://esteemed-engineer.name','surat rekomendasi dosen','bicycle_white.pdf','2023-04-22',125),
(348,'https://radiant-birthday.biz','ijazah s1','tennessee_hertz.pdf','2023-03-24',126),
(349,'http://overcooked-mom.com','transkrip nilai','above.pdf','2023-03-15',126),
(350,'https://grizzled-tortilla.info','surat rekomendasi dosen','programming_limply_forward.pdf','2023-04-08',126),
(351,'http://quizzical-geology.biz','ijazah s1','northwest.pdf','2023-04-08',127),
(352,'https://forceful-colleague.net','transkrip nilai','excluding_generation_north.pdf','2023-04-20',127),
(353,'https://frank-peek.org','surat rekomendasi dosen','engineer_bandwidth_market.pdf','2023-03-16',127),
(354,'https://lighthearted-patriarch.name','ijazah s1','innovative_mobile_ferrari.pdf','2023-03-10',128),
(355,'http://insidious-catalyst.info','transkrip nilai','white_gasoline_bismarck.pdf','2023-03-09',128),
(356,'http://embellished-spider.biz','surat rekomendasi dosen','viral.pdf','2023-04-08',128),
(357,'https://granular-waterfall.biz','ijazah s1','kelvin_northeast.pdf','2023-04-28',129),
(358,'https://occasional-analogy.net','transkrip nilai','games.pdf','2023-04-01',129),
(359,'https://tiny-tog.biz','surat rekomendasi dosen','director_access.pdf','2023-03-06',129),
(360,'http://guilty-ikebana.info','ijazah s1','sensor_androgynous.pdf','2023-03-24',130),
(361,'https://live-estrogen.org','transkrip nilai','metrics_southeast.pdf','2023-03-26',130),
(362,'https://peppery-city.name','surat rekomendasi dosen','account_transitional_hailee.pdf','2023-03-18',130);
/*!40000 ALTER TABLE `lampiran` ENABLE KEYS */;
UNLOCK TABLES;

--
-- Table structure for table `mahasiswa`
--

DROP TABLE IF EXISTS `mahasiswa`;
/*!40101 SET @saved_cs_client     = @@character_set_client */;
/*!40101 SET character_set_client = utf8 */;
CREATE TABLE `mahasiswa` (
  `id_mahasiswa` int(11) NOT NULL AUTO_INCREMENT,
  `nama_lengkap_mahasiswa` varchar(255) NOT NULL,
  `jenis_kelamin` enum('male','female') DEFAULT NULL,
  `tempat_lahir` varchar(255) DEFAULT NULL,
  `tanggal_lahir` date DEFAULT NULL,
  `alamat` varchar(255) DEFAULT NULL,
  `no_telepon` varchar(255) DEFAULT NULL,
  `email` varchar(255) DEFAULT NULL,
  PRIMARY KEY (`id_mahasiswa`)
) ENGINE=InnoDB AUTO_INCREMENT=131 DEFAULT CHARSET=utf8mb4 COLLATE=utf8mb4_general_ci;
/*!40101 SET character_set_client = @saved_cs_client */;

--
-- Dumping data for table `mahasiswa`
--

LOCK TABLES `mahasiswa` WRITE;
/*!40000 ALTER TABLE `mahasiswa` DISABLE KEYS */;
INSERT INTO `mahasiswa` VALUES
(1,'Rudy Wintheiser','male','New Traceyland','1999-02-18','854 Davis Hills','62858133505319','Rudy.Wintheiser@yahoo.com'),
(2,'Philip DuBuque','male','State College','2004-02-11','94279 Jimmy Harbor','62889865154485','Philip.DuBuque76@hotmail.com'),
(3,'Blanca Senger','female','Blockchester','1997-07-29','40073 Reilly Hollow','62807117124199','Blanca.Senger95@yahoo.com'),
(4,'Andre Runolfsdottir','male','Virginiachester','2000-07-20','238 Kelly Locks','62897264389054','Andre_Runolfsdottir37@yahoo.com'),
(5,'Ana Bartell','female','South Alia','2004-01-20','61518 Hackett Skyway','62841428026628','Ana63@yahoo.com'),
(6,'Tanya Bauch','female','Avondale','2005-01-12','427 Orlo Islands','62801025024386','Tanya_Bauch@gmail.com'),
(7,'Pearl Lang','female','Larueshire','2004-10-31','39539 Hilma Springs','62835367723761','Pearl.Lang@gmail.com'),
(8,'Wilma Jacobs','female','Boyerton','1999-05-05','837 Giuseppe Ferry','62844642181127','Wilma_Jacobs@yahoo.com'),
(9,'Ellis Mosciski','male','New Yolanda','2003-07-03','18870 Luisa Ramp','62869846390158','Ellis5@gmail.com'),
(10,'Johanna Huels','female','Delano','2001-06-13','8471 Donnie Forge','62898463980259','Johanna_Huels@gmail.com'),
(11,'Joe Pfeffer','male','Casimirfort','2001-04-12','187 Alize Fords','62869427329153','Joe_Pfeffer@gmail.com'),
(12,'Cynthia Kozey','female','Lucindastad','1998-09-26','35737 Nienow Freeway','62892338061942','Cynthia_Kozey@gmail.com'),
(13,'Joe Green','male','Littelton','2001-06-08','852 Vandervort Cliffs','62835903835668','Joe.Green80@yahoo.com'),
(14,'Jacqueline Schamberger','female','Port Jaylintown','2002-05-16','52982 Nienow Corner','62881829953548','Jacqueline64@gmail.com'),
(15,'Jessie Lowe','female','Pabloburgh','2004-11-29','90202 Sylvia Dam','62816761456190','Jessie.Lowe7@hotmail.com'),
(16,'Marlene Veum','female','Lueilwitzfield','2000-08-21','723 Cordelia Way','62830497141353','Marlene_Veum@gmail.com'),
(17,'Kristie Legros','female','West Jordaneland','2000-09-29','1004 Kieran Circles','62855728197872','Kristie_Legros61@yahoo.com'),
(18,'Velma Hahn','female','South Aubrey','2004-11-14','365 Bryon Shoal','62861253321947','Velma.Hahn84@hotmail.com'),
(19,'Susie Hackett','female','Lake Joey','1998-09-25','7599 Waters Well','62897551324365','Susie_Hackett73@hotmail.com'),
(20,'Sheri Wolf','female','Laviniastad','2003-12-06','7413 Walker Canyon','62839008929030','Sheri56@yahoo.com'),
(21,'Marcus Auer','male','North Liza','2004-08-22','651 Batz Views','62824440425679','Marcus16@gmail.com'),
(22,'Simon Stokes','male','Gresham','2000-11-07','261 Crooks Freeway','62879341735584','Simon30@yahoo.com'),
(23,'Clyde Sporer','male','Wellington','1998-05-20','92409 Mraz Meadows','62876455695561','Clyde_Sporer28@hotmail.com'),
(24,'Leslie Kling','male','Lake Alene','2000-09-19','13551 Dickinson Hollow','62844848797372','Leslie.Kling@hotmail.com'),
(25,'Earnest Hansen','male','Wiegandcester','2004-01-12','9158 Metz Shores','62847830108564','Earnest13@gmail.com'),
(26,'Doris Thiel','female','Mikaylashire','1998-09-27','227 Armand Throughway','62851174075499','Doris38@yahoo.com'),
(27,'Lloyd Reilly','male','Terre Haute','2004-03-31','09330 Pfannerstill View','62896289962953','Lloyd12@yahoo.com'),
(28,'Irvin Larson','male','New Nigelfurt','2003-03-03','093 Shields Heights','62812161658371','Irvin66@gmail.com'),
(29,'Marco Stokes','male','Tuscaloosa','2005-04-27','613 Simonis Dale','62831511493233','Marco0@gmail.com'),
(30,'Donald Monahan','male','Cary','2005-04-11','76005 Kallie Union','62821045357234','Donald.Monahan81@gmail.com'),
(31,'Lester Ryan','male','West Jovan','1998-08-23','9543 Friesen Points','62892751434987','Lester21@hotmail.com'),
(32,'Irma Haag','female','Tysoncester','1997-05-07','98062 Emmerich Harbor','62877141047813','Irma_Haag89@gmail.com'),
(33,'Bertha Torphy','female','Waukesha','2003-11-09','409 Cruickshank Summit','62814407334671','Bertha.Torphy21@gmail.com'),
(34,'Antoinette Kunde','female','East Mateo','1999-09-10','8512 Marina Trace','62827442861403','Antoinette.Kunde98@gmail.com'),
(35,'Darrel Schuster','male','Lake Jedediah','2004-09-19','55655 Romaguera Walk','62881494049661','Darrel57@yahoo.com'),
(36,'Jeffery Gleason','male','New Precious','2002-01-11','62889 Eliza Fords','62832261068814','Jeffery_Gleason@yahoo.com'),
(37,'Dolores Aufderhar','female','Lake Felipastad','2002-10-19','55960 Auer Lane','62833333583300','Dolores72@hotmail.com'),
(38,'Carla Hickle','female','Bellevue','1999-10-09','27021 Darius Union','62814320272236','Carla66@gmail.com'),
(39,'Andres Lowe','male','Peytonchester','2002-01-24','62595 Witting Inlet','62859644391031','Andres65@gmail.com'),
(40,'Eric Gusikowski','male','New Venaton','2001-04-04','36844 Pink Ways','62822938312490','Eric9@hotmail.com'),
(41,'Javier Bradtke','male','Welchchester','1999-03-23','6289 Monahan Ranch','62878898861117','Javier.Bradtke2@yahoo.com'),
(42,'Arturo Langworth','male','La Mesa','2004-05-03','5608 Mann Light','62808926030047','Arturo29@yahoo.com'),
(43,'Jake Murray','male','Lake Georgianaton','1999-10-31','55987 Deanna Flats','62834198451211','Jake.Murray11@yahoo.com'),
(44,'Allen Langosh','male','Lorain','2003-03-09','1321 Jessika Plain','62815848968651','Allen_Langosh@yahoo.com'),
(45,'Jeanette Daugherty','female','Hellerport','1997-07-09','531 Jackson Lane','62864118430224','Jeanette_Daugherty@gmail.com'),
(46,'Kristin Pacocha','female','South Gregoriafield','2000-03-17','6392 Bogisich Squares','62866841381494','Kristin_Pacocha17@yahoo.com'),
(47,'William Torphy','male','Fort Leonora','2003-12-14','33371 Price Burgs','62843053898928','William.Torphy21@yahoo.com'),
(48,'Lucia Mraz','female','Schillerburgh','1999-02-11','9736 Jordan Points','62866310772098','Lucia.Mraz7@yahoo.com'),
(49,'Julius Weissnat','male','New Jonathan','1998-04-24','587 Scotty Branch','62860843833356','Julius_Weissnat11@yahoo.com'),
(50,'Russell Stoltenberg','male','Lessiefield','2002-03-27','18127 Kunde Springs','62842321212818','Russell45@hotmail.com'),
(51,'Patti White','female','Rupertbury','1999-05-07','098 Wilkinson Brook','62813245828738','Patti52@yahoo.com'),
(52,'Dianne Mann','female','Catonsville','2004-10-31','554 Dante Views','62878437500344','Dianne.Mann36@gmail.com'),
(53,'Emma Pfannerstill','female','West Mittieton','1997-10-12','65564 Destinee Motorway','62850837583322','Emma.Pfannerstill12@hotmail.com'),
(54,'Nancy Jast','female','Franciscoport','1999-03-04','743 Brown View','62844550115785','Nancy_Jast@yahoo.com'),
(55,'Timmy Roberts','male','Fort Yoshikochester','2001-03-10','8044 Turcotte Ferry','62897659768277','Timmy_Roberts@hotmail.com'),
(56,'Renee Kilback','female','West Cali','2003-12-23','76789 Terry Mount','62807624751463','Renee73@hotmail.com'),
(57,'Tracy Waelchi','female','Lehnerland','2004-12-05','95961 Dooley Walk','62879483011222','Tracy13@gmail.com'),
(58,'Sally Corkery','female','Trinitychester','2002-03-30','16416 Stan Port','62889196854041','Sally_Corkery70@yahoo.com'),
(59,'Karla Hodkiewicz','female','North Brandyton','2000-12-28','203 Wolff Mills','62810341428245','Karla.Hodkiewicz51@yahoo.com'),
(60,'Ronald Padberg','male','Victorville','1997-07-06','7314 Reed Pines','62860911582329','Ronald48@yahoo.com'),
(61,'Christopher Stracke','male','Poway','2003-02-19','190 Greta Groves','62840715813362','Christopher78@hotmail.com'),
(62,'Milton Romaguera','male','East Modestochester','2000-10-24','46490 Bosco Lock','62807507009735','Milton10@hotmail.com'),
(63,'Taylor Schroeder','male','New Joshuah','1998-06-10','526 Nikolas Junction','62829016959873','Taylor.Schroeder@yahoo.com'),
(64,'Gordon Casper','male','Santa Monica','1998-10-25','16214 Candace Row','62820687494579','Gordon_Casper@hotmail.com'),
(65,'Connie Hahn','female','East Brain','1998-06-03','80718 Lehner Burg','62874358536923','Connie.Hahn@gmail.com'),
(66,'Vera Towne','female','Corpus Christi','2004-10-04','76076 Madisen Radial','62800682854825','Vera38@yahoo.com'),
(67,'Maria Kreiger','female','Lexieport','1999-11-12','36758 Lincoln Mall','62899314950930','Maria84@yahoo.com'),
(68,'Lloyd Lubowitz','male','Fullerton','2001-07-20','18652 Paucek Village','62881418674268','Lloyd.Lubowitz@yahoo.com'),
(69,'Manuel Keeling','male','Pourosport','2002-07-30','721 Lottie Garden','62844000721224','Manuel.Keeling78@hotmail.com'),
(70,'Randal Blick','male','Klingside','1999-12-07','771 Holden Tunnel','62867606403801','Randal48@yahoo.com'),
(71,'Suzanne Lehner','female','Yonkers','2002-08-15','53283 Maud Falls','62826738219079','Suzanne.Lehner@hotmail.com'),
(72,'Calvin Schumm','male','West Maybelle','2002-09-07','169 Alan Overpass','62869226554265','Calvin.Schumm@gmail.com'),
(73,'Theodore Schroeder','male','Maggioborough','2001-04-26','768 Nolan Ridge','62835871868142','Theodore_Schroeder@yahoo.com'),
(74,'Mandy Feest','female','West Austen','2003-09-07','49694 Orin Extensions','62829437074595','Mandy_Feest@gmail.com'),
(75,'Cora Mayert','female','Brownland','2001-08-05','35311 Nicole Cliff','62885462950331','Cora.Mayert@gmail.com'),
(76,'Jeanne Champlin','female','Lake Gabrielle','2001-03-15','763 Benjamin Ports','62840648779744','Jeanne.Champlin86@yahoo.com'),
(77,'Kurt Hahn','male','East Efrainmouth','1999-12-16','34340 Hollis Shoals','62846449760787','Kurt_Hahn@hotmail.com'),
(78,'Jimmie Lind','male','Fort Prudenceburgh','2001-12-23','72332 Reba Orchard','62848576106861','Jimmie_Lind6@gmail.com'),
(79,'Boyd Nolan','male','North Melyna','2002-01-24','4004 Nico Gateway','62803781740625','Boyd_Nolan@gmail.com'),
(80,'Micheal Kirlin','male','Marinaburgh','2003-02-09','99791 Tyrese Junctions','62893835232863','Micheal52@gmail.com'),
(81,'Nellie Reichel','female','Earlenehaven','2002-10-08','834 Juston Parks','62891067545517','Nellie.Reichel92@hotmail.com'),
(82,'Dominic Ortiz','male','West Esthershire','2004-02-08','2112 Vergie Plain','62894093647741','Dominic38@yahoo.com'),
(83,'Ida Klocko','female','New Arne','2001-11-09','7463 Florian Junctions','62825006331350','Ida.Klocko84@gmail.com'),
(84,'Margaret Kutch','female','Zoilaland','2001-05-26','965 Ritchie Fords','62898695293257','Margaret20@gmail.com'),
(85,'Vicky Cummings','female','New Loyal','1999-02-07','29152 O\'Reilly Hollow','62881559863285','Vicky36@gmail.com'),
(86,'Candace Johnson','female','Kshlerinberg','1998-07-26','05795 Darren Haven','62860414227320','Candace_Johnson@yahoo.com'),
(87,'Silvia Thiel','female','South Harrison','1998-11-19','80665 Esta Point','62869422344622','Silvia52@yahoo.com'),
(88,'Oscar Hane','male','Lake Arely','2003-03-12','486 Bayer Crest','62808883805039','Oscar_Hane7@gmail.com'),
(89,'Maryann Schamberger','female','New Nikitatown','2005-03-20','7229 Langosh Ford','62833877857990','Maryann.Schamberger@gmail.com'),
(90,'Leo Klocko','male','New Jennyfer','2000-06-23','3735 Fahey Course','62818308208347','Leo.Klocko70@gmail.com'),
(91,'Morris Pollich','male','Cristshire','1998-07-08','01400 Witting Crossroad','62867581875862','Morris_Pollich96@yahoo.com'),
(92,'Robert Langosh','male','North Lucileworth','2000-07-06','544 Art Well','62826769370377','Robert57@gmail.com'),
(93,'Valerie Rath','female','New Roslyn','2001-12-24','7279 Jaylon Ferry','62864559871668','Valerie_Rath42@gmail.com'),
(94,'Clinton Morissette','male','Hermanshire','2003-08-11','01535 Funk Land','62821103169731','Clinton56@yahoo.com'),
(95,'Philip Monahan','male','Port Donnaside','1998-12-08','917 Dominique Gateway','62869280996335','Philip_Monahan4@gmail.com'),
(96,'Calvin Heaney','male','Clovis','2000-03-14','724 Smith Viaduct','62807560796914','Calvin_Heaney@hotmail.com'),
(97,'Mario Borer','male','Lake Hudson','2001-06-14','826 Sophie Walks','62886768252795','Mario.Borer@hotmail.com'),
(98,'Sophia Beer','female','West Ian','2003-03-08','2253 Heller Dam','62882066302073','Sophia.Beer@gmail.com'),
(99,'Jill Cole','female','Poinciana','2004-05-17','40080 Antonio Hill','62811693884729','Jill_Cole@hotmail.com'),
(100,'Laura Douglas','female','Zoeland','2004-04-18','4726 Cullen Forest','62871492483294','Laura28@gmail.com'),
(101,'Kari Hodkiewicz','female','Wintheiserbury','2004-12-04','85318 McKenzie Junction','62897074477301','Kari79@hotmail.com'),
(102,'Preston Davis','male','East Lavada','1998-01-23','207 Erik Wall','62876788254761','Preston.Davis@gmail.com'),
(103,'Marion Kuhn','male','Appleton','2000-02-09','06558 Mertz Lane','62854453265140','Marion.Kuhn58@hotmail.com'),
(104,'Victor Sauer','male','Nathanberg','1998-05-24','012 Botsford Cape','62867568486102','Victor33@gmail.com'),
(105,'Sandra Borer','female','Sammamish','1999-04-24','49134 Maggio Junctions','62815007818360','Sandra_Borer@yahoo.com'),
(106,'Julio Ruecker','male','San Leandro','1997-09-27','0871 Oberbrunner Creek','62843527149522','Julio.Ruecker13@gmail.com'),
(107,'Mable Wintheiser','female','Morgan Hill','1999-08-23','241 Durgan Shore','62866648261281','Mable4@yahoo.com'),
(108,'Brad Will','male','Cadecester','2001-11-11','47812 Kale Isle','62873736376554','Brad.Will14@yahoo.com'),
(109,'Grant Morar','male','South Rodrickstead','1999-02-12','67788 Lebsack Rapids','62826239772432','Grant33@yahoo.com'),
(110,'Nicolas Stokes','male','Shaniachester','2003-12-06','7169 Armando Islands','62814801738294','Nicolas_Stokes@gmail.com'),
(111,'Kayla Jacobson','female','Greensboro','1997-11-22','32267 Felicia Way','62839060408771','Kayla23@hotmail.com'),
(112,'Tim Batz','male','Claudport','2002-10-29','2641 Shanahan Junction','62875621911506','Tim_Batz20@gmail.com'),
(113,'Micheal Hahn','male','Fresno','2005-02-07','67337 Hills Mountains','62862899311438','Micheal_Hahn@yahoo.com'),
(114,'Lionel Beahan','male','Metairie','2003-03-25','7237 Trey Pass','62827909522868','Lionel_Beahan93@yahoo.com'),
(115,'Mack Harber','male','Spencerbury','1999-09-17','4667 Quinten Mills','62895924889239','Mack.Harber@gmail.com'),
(116,'Ron Zboncak','male','West Consueloside','1998-09-20','7813 Yasmine Mission','62803049517387','Ron.Zboncak56@hotmail.com'),
(117,'Elsa Russel','female','Fort Hilton','1997-06-25','15733 Jast Burgs','62846123149569','Elsa_Russel@hotmail.com'),
(118,'Susan O\'Keefe','female','West Flavie','2001-02-19','3756 Wiegand Alley','62877004992171','Susan12@gmail.com'),
(119,'Peggy Ward','female','North Andreanefield','2001-03-21','38483 Dovie Squares','62829303497002','Peggy_Ward@hotmail.com'),
(120,'Glen Doyle','male','Port River','2001-12-22','38448 Alia Groves','62856609438343','Glen.Doyle@yahoo.com'),
(121,'Tim Flatley','male','Cheektowaga','1997-10-16','1308 Mia Islands','62834762833309','Tim77@hotmail.com'),
(122,'Forrest Glover','male','Albuquerque','2005-03-16','1167 Murazik Springs','62817239889418','Forrest.Glover@hotmail.com'),
(123,'Lorenzo Carter','male','Aufderharburgh','1999-05-06','41066 Angeline Courts','62860624709703','Lorenzo88@yahoo.com'),
(124,'Mable Hayes','female','Los Angeles','1998-08-03','0940 Schmitt River','62864072774451','Mable_Hayes@yahoo.com'),
(125,'Ed Stokes','male','West Madalynfurt','1998-10-03','3517 Shields Green','62838054704166','Ed_Stokes@hotmail.com'),
(126,'Anna Macejkovic','female','New Buck','2004-09-16','43792 Dallas Road','62899283071529','Anna_Macejkovic45@hotmail.com'),
(127,'Carroll Schiller','male','Marvinton','2002-09-01','80449 Zoe Mountains','62840771441657','Carroll.Schiller49@yahoo.com'),
(128,'Alexander Stroman','male','Baileycester','2004-07-02','7382 Kuvalis Skyway','62874460928477','Alexander_Stroman@hotmail.com'),
(129,'Isaac Hintz','male','Port Rogelio','1999-06-27','7854 Gusikowski Terrace','62821077175662','Isaac85@gmail.com'),
(130,'Lawrence Purdy','male','Fargo','1998-08-11','7451 Simone Square','62854863969702','Lawrence16@hotmail.com');
/*!40000 ALTER TABLE `mahasiswa` ENABLE KEYS */;
UNLOCK TABLES;

--
-- Table structure for table `mewawancara`
--

DROP TABLE IF EXISTS `mewawancara`;
/*!40101 SET @saved_cs_client     = @@character_set_client */;
/*!40101 SET character_set_client = utf8 */;
CREATE TABLE `mewawancara` (
  `id_wawancara` int(11) NOT NULL,
  `id_pewawancara` int(11) NOT NULL,
  PRIMARY KEY (`id_pewawancara`,`id_wawancara`),
  KEY `id_wawancara` (`id_wawancara`),
  CONSTRAINT `mewawancara_ibfk_1` FOREIGN KEY (`id_pewawancara`) REFERENCES `pewawancara` (`id_pewawancara`),
  CONSTRAINT `mewawancara_ibfk_2` FOREIGN KEY (`id_wawancara`) REFERENCES `wawancara` (`id_wawancara`)
) ENGINE=InnoDB DEFAULT CHARSET=utf8mb4 COLLATE=utf8mb4_general_ci;
/*!40101 SET character_set_client = @saved_cs_client */;

--
-- Dumping data for table `mewawancara`
--

LOCK TABLES `mewawancara` WRITE;
/*!40000 ALTER TABLE `mewawancara` DISABLE KEYS */;
INSERT INTO `mewawancara` VALUES
(1,3),
(22,3),
(43,3),
(70,3),
(85,3),
(106,3),
(115,3),
(139,3),
(142,3),
(178,3),
(208,3),
(214,3),
(256,3),
(268,3),
(277,3),
(292,3),
(316,3),
(4,6),
(13,6),
(19,6),
(31,6),
(40,6),
(43,6),
(46,6),
(52,6),
(70,6),
(85,6),
(100,6),
(103,6),
(106,6),
(118,6),
(127,6),
(133,6),
(145,6),
(172,6),
(178,6),
(226,6),
(265,6),
(28,9),
(34,9),
(55,9),
(94,9),
(97,9),
(100,9),
(124,9),
(127,9),
(136,9),
(169,9),
(178,9),
(202,9),
(223,9),
(229,9),
(250,9),
(271,9),
(280,9),
(316,9),
(325,9),
(328,9),
(4,12),
(19,12),
(22,12),
(28,12),
(64,12),
(67,12),
(79,12),
(142,12),
(157,12),
(160,12),
(172,12),
(184,12),
(187,12),
(211,12),
(229,12),
(244,12),
(259,12),
(262,12),
(307,12),
(313,12),
(319,12),
(325,12),
(25,15),
(43,15),
(49,15),
(58,15),
(88,15),
(91,15),
(94,15),
(145,15),
(148,15),
(154,15),
(175,15),
(205,15),
(235,15),
(271,15),
(301,15),
(4,18),
(10,18),
(22,18),
(43,18),
(76,18),
(112,18),
(124,18),
(127,18),
(133,18),
(154,18),
(181,18),
(205,18),
(232,18),
(265,18),
(277,18),
(280,18),
(289,18),
(304,18),
(310,18),
(328,18),
(7,21),
(28,21),
(40,21),
(43,21),
(46,21),
(49,21),
(61,21),
(64,21),
(133,21),
(163,21),
(175,21),
(190,21),
(205,21),
(208,21),
(217,21),
(241,21),
(277,21),
(292,21),
(307,21),
(319,21),
(22,24),
(37,24),
(112,24),
(136,24),
(139,24),
(175,24),
(199,24),
(202,24),
(226,24),
(229,24),
(250,24),
(262,24),
(298,24),
(301,24),
(34,27),
(46,27),
(52,27),
(55,27),
(58,27),
(91,27),
(94,27),
(124,27),
(136,27),
(166,27),
(208,27),
(211,27),
(247,27),
(256,27),
(289,27),
(298,27),
(301,27),
(304,27),
(319,27),
(7,30),
(25,30),
(55,30),
(79,30),
(106,30),
(121,30),
(127,30),
(145,30),
(169,30),
(172,30),
(187,30),
(190,30),
(193,30),
(196,30),
(211,30),
(268,30),
(271,30),
(295,30),
(316,30),
(325,30),
(4,33),
(19,33),
(28,33),
(55,33),
(58,33),
(73,33),
(103,33),
(109,33),
(184,33),
(217,33),
(220,33),
(247,33),
(250,33),
(259,33),
(274,33),
(280,33),
(283,33),
(313,33),
(316,33),
(319,33),
(16,36),
(58,36),
(76,36),
(91,36),
(100,36),
(103,36),
(115,36),
(118,36),
(130,36),
(142,36),
(151,36),
(157,36),
(163,36),
(178,36),
(229,36),
(253,36),
(274,36),
(292,36),
(298,36),
(310,36),
(31,39),
(61,39),
(70,39),
(79,39),
(94,39),
(97,39),
(118,39),
(121,39),
(130,39),
(142,39),
(154,39),
(172,39),
(187,39),
(211,39),
(238,39),
(271,39),
(292,39),
(322,39),
(10,42),
(70,42),
(106,42),
(118,42),
(121,42),
(124,42),
(166,42),
(172,42),
(181,42),
(190,42),
(205,42),
(208,42),
(226,42),
(250,42),
(262,42),
(304,42),
(313,42),
(19,45),
(25,45),
(34,45),
(46,45),
(58,45),
(85,45),
(94,45),
(106,45),
(133,45),
(151,45),
(166,45),
(175,45),
(181,45),
(184,45),
(187,45),
(196,45),
(223,45),
(226,45),
(256,45),
(277,45),
(1,48),
(7,48),
(16,48),
(28,48),
(31,48),
(34,48),
(40,48),
(139,48),
(145,48),
(151,48),
(154,48),
(166,48),
(169,48),
(187,48),
(199,48),
(202,48),
(205,48),
(241,48),
(256,48),
(268,48),
(286,48),
(292,48),
(310,48),
(13,51),
(25,51),
(37,51),
(46,51),
(73,51),
(82,51),
(88,51),
(103,51),
(121,51),
(136,51),
(148,51),
(157,51),
(193,51),
(202,51),
(259,51),
(304,51),
(19,54),
(55,54),
(82,54),
(91,54),
(115,54),
(157,54),
(208,54),
(211,54),
(214,54),
(220,54),
(235,54),
(238,54),
(250,54),
(274,54),
(280,54),
(286,54),
(298,54),
(310,54),
(322,54),
(22,57),
(64,57),
(67,57),
(85,57),
(100,57),
(112,57),
(127,57),
(133,57),
(169,57),
(175,57),
(178,57),
(181,57),
(190,57),
(232,57),
(241,57),
(244,57),
(247,57),
(253,57),
(268,57),
(283,57),
(295,57),
(319,57),
(13,60),
(37,60),
(40,60),
(70,60),
(76,60),
(91,60),
(103,60),
(109,60),
(124,60),
(130,60),
(151,60),
(160,60),
(181,60),
(193,60),
(202,60),
(235,60),
(265,60),
(271,60),
(280,60),
(301,60),
(307,60);
/*!40000 ALTER TABLE `mewawancara` ENABLE KEYS */;
UNLOCK TABLES;

--
-- Table structure for table `panitia`
--

DROP TABLE IF EXISTS `panitia`;
/*!40101 SET @saved_cs_client     = @@character_set_client */;
/*!40101 SET character_set_client = utf8 */;
CREATE TABLE `panitia` (
  `id_panitia` int(11) NOT NULL AUTO_INCREMENT,
  `nama_lengkap_panitia` varchar(255) DEFAULT NULL,
  PRIMARY KEY (`id_panitia`)
) ENGINE=InnoDB AUTO_INCREMENT=61 DEFAULT CHARSET=utf8mb4 COLLATE=utf8mb4_general_ci;
/*!40101 SET character_set_client = @saved_cs_client */;

--
-- Dumping data for table `panitia`
--

LOCK TABLES `panitia` WRITE;
/*!40000 ALTER TABLE `panitia` DISABLE KEYS */;
INSERT INTO `panitia` VALUES
(1,'Clara Jacobson'),
(2,'Michael Mayer'),
(3,'Walter Ortiz'),
(4,'Randall Runte'),
(5,'Joann Koch'),
(6,'Patrick Rath'),
(7,'Estelle Greenfelder'),
(8,'Warren Botsford'),
(9,'Meghan Heaney'),
(10,'Jenny Doyle'),
(11,'Donna Klocko'),
(12,'Juana Kuhic'),
(13,'Derrick Carter'),
(14,'Deborah Hyatt'),
(15,'Cecelia Rodriguez'),
(16,'Tracy Steuber'),
(17,'Miranda Sanford'),
(18,'Arlene Becker'),
(19,'Woodrow Pfeffer'),
(20,'Gerardo Olson'),
(21,'Spencer Lakin'),
(22,'Shaun Dickens'),
(23,'Janis Yost'),
(24,'Gerard Pollich'),
(25,'Virgil Osinski'),
(26,'Wade Rosenbaum'),
(27,'Geneva Connelly'),
(28,'Toni Walter'),
(29,'Reginald Nitzsche'),
(30,'Clay Powlowski'),
(31,'Rachel Marvin'),
(32,'Harriet Carter'),
(33,'Hubert Hagenes'),
(34,'Nathaniel Wintheiser'),
(35,'Tony Price'),
(36,'Sophia Rosenbaum'),
(37,'Wilbur Christiansen'),
(38,'Ron Leannon'),
(39,'Antonio Gutmann'),
(40,'Tom Huel'),
(41,'Gertrude Leffler'),
(42,'Ricardo Roob'),
(43,'Grady Ryan'),
(44,'Darryl Mayer'),
(45,'Clarence O\'Keefe'),
(46,'Bruce Kuphal'),
(47,'Ruth Smitham'),
(48,'Jermaine Toy'),
(49,'Marcus Bauch'),
(50,'Mae Kessler'),
(51,'Johanna Rutherford'),
(52,'Adrian Klocko'),
(53,'Lauren Durgan'),
(54,'Yolanda Miller'),
(55,'Rose Zemlak'),
(56,'Lisa Mayert'),
(57,'James Goodwin'),
(58,'Edna Mitchell'),
(59,'Krista Turner'),
(60,'Shane Boehm');
/*!40000 ALTER TABLE `panitia` ENABLE KEYS */;
UNLOCK TABLES;

--
-- Table structure for table `penerima_beasiswa`
--

DROP TABLE IF EXISTS `penerima_beasiswa`;
/*!40101 SET @saved_cs_client     = @@character_set_client */;
/*!40101 SET character_set_client = utf8 */;
CREATE TABLE `penerima_beasiswa` (
  `id_penerima` int(11) NOT NULL,
  `program_studi` varchar(255) DEFAULT NULL,
  `universitas_tujuan` varchar(255) DEFAULT NULL,
  `jumlah_dana` int(11) DEFAULT NULL,
  PRIMARY KEY (`id_penerima`),
  CONSTRAINT `penerima_beasiswa_ibfk_1` FOREIGN KEY (`id_penerima`) REFERENCES `mahasiswa` (`id_mahasiswa`)
) ENGINE=InnoDB DEFAULT CHARSET=utf8mb4 COLLATE=utf8mb4_general_ci;
/*!40101 SET character_set_client = @saved_cs_client */;

--
-- Dumping data for table `penerima_beasiswa`
--

LOCK TABLES `penerima_beasiswa` WRITE;
/*!40000 ALTER TABLE `penerima_beasiswa` DISABLE KEYS */;
INSERT INTO `penerima_beasiswa` VALUES
(111,'Biomedical Engineering','Oxford University',160000000),
(112,'Cybersecurity','The University of Western Australia',280000000),
(113,'Cybersecurity','Universiti Malaya',280000000),
(114,'Biomedical Engineering','Boston University',280000000),
(115,'Biomedical Engineering','Oxford University',180000000),
(116,'Biomedical Engineering','The University of Western Australia',280000000),
(117,'Robotics','The University of Western Australia',160000000),
(118,'Robotics','Hanyang University',280000000),
(119,'Data Science','University of Pennyslavia',320000000),
(120,'Biomedical Engineering','The University of Western Australia',120000000),
(121,'Biomedical Engineering','Nanyang Technological University',180000000),
(122,'Artificial Intelligence','Nanyang Technological University',240000000),
(123,'Cybersecurity','Hanyang University',340000000),
(124,'Robotics','Universiti Malaya',240000000),
(125,'Biomedical Engineering','The University of Western Australia',140000000),
(126,'Epidemiology','Boston University',160000000),
(127,'Cybersecurity','National Taiwan University',140000000),
(128,'Virology','Oxford University',360000000),
(129,'Artificial Intelligence','Boston University',320000000),
(130,'Virology','National Taiwan University',340000000);
/*!40000 ALTER TABLE `penerima_beasiswa` ENABLE KEYS */;
UNLOCK TABLES;

--
-- Table structure for table `pengawas`
--

DROP TABLE IF EXISTS `pengawas`;
/*!40101 SET @saved_cs_client     = @@character_set_client */;
/*!40101 SET character_set_client = utf8 */;
CREATE TABLE `pengawas` (
  `id_pengawas` int(11) NOT NULL,
  `divisi` varchar(255) DEFAULT NULL,
  PRIMARY KEY (`id_pengawas`),
  CONSTRAINT `pengawas_ibfk_1` FOREIGN KEY (`id_pengawas`) REFERENCES `panitia` (`id_panitia`)
) ENGINE=InnoDB DEFAULT CHARSET=utf8mb4 COLLATE=utf8mb4_general_ci;
/*!40101 SET character_set_client = @saved_cs_client */;

--
-- Dumping data for table `pengawas`
--

LOCK TABLES `pengawas` WRITE;
/*!40000 ALTER TABLE `pengawas` DISABLE KEYS */;
INSERT INTO `pengawas` VALUES
(2,'Psikolog'),
(5,'Psikolog'),
(8,'Psikiater'),
(11,'Psikolog'),
(14,'Psikolog'),
(17,'Psikiater'),
(20,'Mahasiswa Psikologi'),
(23,'Umum'),
(26,'Umum'),
(29,'Psikolog'),
(32,'Pengawas Utama'),
(35,'Mahasiswa Psikologi'),
(38,'Mahasiswa Psikologi'),
(41,'Mahasiswa Psikologi'),
(44,'Asisten'),
(47,'Umum'),
(50,'Asisten'),
(53,'Psikiater'),
(56,'Pengawas Utama'),
(59,'Asisten');
/*!40000 ALTER TABLE `pengawas` ENABLE KEYS */;
UNLOCK TABLES;

--
-- Table structure for table `pewawancara`
--

DROP TABLE IF EXISTS `pewawancara`;
/*!40101 SET @saved_cs_client     = @@character_set_client */;
/*!40101 SET character_set_client = utf8 */;
CREATE TABLE `pewawancara` (
  `id_pewawancara` int(11) NOT NULL,
  `jabatan` varchar(255) DEFAULT NULL,
  PRIMARY KEY (`id_pewawancara`),
  CONSTRAINT `pewawancara_ibfk_1` FOREIGN KEY (`id_pewawancara`) REFERENCES `panitia` (`id_panitia`)
) ENGINE=InnoDB DEFAULT CHARSET=utf8mb4 COLLATE=utf8mb4_general_ci;
/*!40101 SET character_set_client = @saved_cs_client */;

--
-- Dumping data for table `pewawancara`
--

LOCK TABLES `pewawancara` WRITE;
/*!40000 ALTER TABLE `pewawancara` DISABLE KEYS */;
INSERT INTO `pewawancara` VALUES
(3,'National Functionality Technician'),
(6,'Direct Infrastructure Director'),
(9,'Central Data Planner'),
(12,'Chief Data Liaison'),
(15,'Chief Branding Assistant'),
(18,'Global Mobility Technician'),
(21,'District Implementation Administrator'),
(24,'Internal Markets Architect'),
(27,'Senior Solutions Coordinator'),
(30,'National Research Officer'),
(33,'Investor Applications Manager'),
(36,'Senior Operations Consultant'),
(39,'Senior Solutions Architect'),
(42,'Future Functionality Engineer'),
(45,'Direct Implementation Analyst'),
(48,'Human Configuration Coordinator'),
(51,'Forward Communications Strategist'),
(54,'Global Interactions Assistant'),
(57,'Corporate Metrics Specialist'),
(60,'Investor Interactions Architect');
/*!40000 ALTER TABLE `pewawancara` ENABLE KEYS */;
UNLOCK TABLES;

--
-- Table structure for table `psikotes`
--

DROP TABLE IF EXISTS `psikotes`;
/*!40101 SET @saved_cs_client     = @@character_set_client */;
/*!40101 SET character_set_client = utf8 */;
CREATE TABLE `psikotes` (
  `id_psikotes` int(11) NOT NULL,
  `sesi_psikotes` varchar(255) DEFAULT NULL,
  `ruangan_psikotes` varchar(255) DEFAULT NULL,
  `id_mahasiswa` int(11) DEFAULT NULL,
  `id_pengawas` int(11) DEFAULT NULL,
  `nilai` int(10) unsigned DEFAULT NULL CHECK (`nilai` between 0 and 100),
  PRIMARY KEY (`id_psikotes`),
  UNIQUE KEY `psikotes_mahasiswa_unique` (`id_mahasiswa`),
  KEY `id_pengawas` (`id_pengawas`),
  CONSTRAINT `psikotes_ibfk_1` FOREIGN KEY (`id_psikotes`) REFERENCES `seleksi` (`id_seleksi`),
  CONSTRAINT `psikotes_ibfk_2` FOREIGN KEY (`id_mahasiswa`) REFERENCES `mahasiswa` (`id_mahasiswa`),
  CONSTRAINT `psikotes_ibfk_3` FOREIGN KEY (`id_pengawas`) REFERENCES `pengawas` (`id_pengawas`)
) ENGINE=InnoDB DEFAULT CHARSET=utf8mb4 COLLATE=utf8mb4_general_ci;
/*!40101 SET character_set_client = @saved_cs_client */;

--
-- Dumping data for table `psikotes`
--

LOCK TABLES `psikotes` WRITE;
/*!40000 ALTER TABLE `psikotes` DISABLE KEYS */;
INSERT INTO `psikotes` VALUES
(2,'Pagi','3516',21,23,69),
(5,'Pagi','071',22,11,60),
(8,'Sore','46983',23,8,94),
(11,'Sore','3714',24,2,69),
(14,'Sore','51248',25,17,68),
(17,'Sore','89593',26,38,92),
(20,'Siang','224',27,50,60),
(23,'Siang','0314',28,23,80),
(26,'Siang','11956',29,29,86),
(29,'Sore','686',30,26,69),
(32,'Sore','7391',31,56,91),
(35,'Pagi','7418',32,53,84),
(38,'Pagi','23345',33,29,62),
(41,'Pagi','761',34,38,68),
(44,'Siang','496',35,35,76),
(47,'Sore','35507',36,35,74),
(50,'Sore','754',37,14,95),
(53,'Pagi','03740',38,50,76),
(56,'Siang','7415',39,5,63),
(59,'Sore','096',40,17,72),
(62,'Sore','51390',41,59,80),
(65,'Sore','857',42,17,64),
(68,'Pagi','478',43,5,88),
(71,'Siang','3771',44,8,63),
(74,'Pagi','20619',45,23,69),
(77,'Siang','125',46,38,88),
(80,'Pagi','162',47,41,62),
(83,'Siang','46865',48,53,71),
(86,'Siang','98860',49,50,64),
(89,'Sore','81439',50,11,61),
(92,'Sore','753',51,50,73),
(95,'Pagi','0374',52,8,93),
(98,'Sore','061',53,5,87),
(101,'Siang','36764',54,44,69),
(104,'Sore','6269',55,59,87),
(107,'Sore','641',56,53,70),
(110,'Siang','0050',57,23,63),
(113,'Pagi','9284',58,59,90),
(116,'Sore','5976',59,23,87),
(119,'Pagi','6760',60,47,65),
(122,'Sore','603',61,53,65),
(125,'Siang','540',62,26,79),
(128,'Siang','876',63,8,69),
(131,'Siang','651',64,59,72),
(134,'Pagi','68003',65,8,78),
(137,'Sore','849',66,35,77),
(140,'Siang','039',67,59,69),
(143,'Sore','6934',68,41,76),
(146,'Pagi','34708',69,14,73),
(149,'Siang','0071',70,14,67),
(152,'Pagi','609',71,2,94),
(155,'Sore','19857',72,14,66),
(158,'Pagi','98393',73,53,63),
(161,'Sore','868',74,29,62),
(164,'Siang','2264',75,26,77),
(167,'Sore','8987',76,50,85),
(170,'Pagi','3858',77,41,81),
(173,'Siang','795',78,38,65),
(176,'Sore','7650',79,35,65),
(179,'Sore','07414',80,41,94),
(182,'Siang','2759',81,35,71),
(185,'Siang','27787',82,41,87),
(188,'Sore','473',83,8,89),
(191,'Pagi','0856',84,50,61),
(194,'Siang','69796',85,59,84),
(197,'Siang','37563',86,32,93),
(200,'Siang','623',87,23,79),
(203,'Sore','98183',88,47,61),
(206,'Sore','81180',89,5,61),
(209,'Sore','051',90,53,74),
(212,'Sore','82968',91,5,75),
(215,'Pagi','30523',92,5,65),
(218,'Pagi','14936',93,59,76),
(221,'Pagi','5262',94,14,64),
(224,'Pagi','76946',95,32,84),
(227,'Pagi','812',96,47,60),
(230,'Pagi','55530',97,38,75),
(233,'Sore','462',98,8,87),
(236,'Sore','07190',99,38,68),
(239,'Siang','978',100,23,78),
(242,'Siang','468',101,32,83),
(245,'Pagi','238',102,23,77),
(248,'Pagi','957',103,32,91),
(251,'Pagi','74387',104,20,85),
(254,'Pagi','7863',105,29,79),
(257,'Sore','15510',106,56,84),
(260,'Siang','93374',107,17,82),
(263,'Sore','35581',108,17,76),
(266,'Pagi','4678',109,20,60),
(269,'Pagi','1276',110,17,80),
(272,'Siang','11826',111,8,82),
(275,'Siang','16212',112,59,86),
(278,'Siang','30084',113,2,90),
(281,'Siang','3820',114,59,84),
(284,'Pagi','276',115,53,82),
(287,'Sore','589',116,53,81),
(290,'Pagi','85069',117,8,95),
(293,'Sore','3440',118,47,92),
(296,'Pagi','56614',119,29,85),
(299,'Siang','026',120,11,94),
(302,'Siang','160',121,59,89),
(305,'Pagi','90725',122,2,90),
(308,'Siang','867',123,2,94),
(311,'Pagi','591',124,26,92),
(314,'Sore','780',125,32,86),
(317,'Sore','920',126,14,81),
(320,'Siang','37771',127,53,89),
(323,'Sore','71438',128,8,89),
(326,'Sore','996',129,20,93),
(329,'Pagi','26008',130,35,83);
/*!40000 ALTER TABLE `psikotes` ENABLE KEYS */;
UNLOCK TABLES;
/*!50003 SET @saved_cs_client      = @@character_set_client */ ;
/*!50003 SET @saved_cs_results     = @@character_set_results */ ;
/*!50003 SET @saved_col_connection = @@collation_connection */ ;
/*!50003 SET character_set_client  = utf8mb4 */ ;
/*!50003 SET character_set_results = utf8mb4 */ ;
/*!50003 SET collation_connection  = utf8mb4_general_ci */ ;
/*!50003 SET @saved_sql_mode       = @@sql_mode */ ;
/*!50003 SET sql_mode              = 'IGNORE_SPACE,STRICT_TRANS_TABLES,ERROR_FOR_DIVISION_BY_ZERO,NO_AUTO_CREATE_USER,NO_ENGINE_SUBSTITUTION' */ ;
DELIMITER ;;
/*!50003 CREATE*/ /*!50017 DEFINER=`basdat`@`localhost`*/ /*!50003 TRIGGER check_has_wawancara BEFORE INSERT ON psikotes
    FOR EACH ROW
    BEGIN
        DECLARE wawancara_count INT;

        SELECT COUNT(*)
            INTO wawancara_count
        FROM wawancara
            WHERE wawancara.id_mahasiswa = NEW.id_mahasiswa;

        IF wawancara_count != 1 THEN
            SIGNAL SQLSTATE '45000'
            SET MESSAGE_TEXT = 'mahasiswa harus melalui tahap wawancara terlebih dahulu';
        END IF;
    END */;;
DELIMITER ;
/*!50003 SET sql_mode              = @saved_sql_mode */ ;
/*!50003 SET character_set_client  = @saved_cs_client */ ;
/*!50003 SET character_set_results = @saved_cs_results */ ;
/*!50003 SET collation_connection  = @saved_col_connection */ ;

--
-- Table structure for table `seleksi`
--

DROP TABLE IF EXISTS `seleksi`;
/*!40101 SET @saved_cs_client     = @@character_set_client */;
/*!40101 SET character_set_client = utf8 */;
CREATE TABLE `seleksi` (
  `id_seleksi` int(11) NOT NULL AUTO_INCREMENT,
  `tanggal_seleksi` date DEFAULT NULL,
  `jenis_seleksi` enum('psikotes','kesehatan','wawancara') DEFAULT NULL,
  PRIMARY KEY (`id_seleksi`),
  KEY `jenis_seleksi` (`jenis_seleksi`),
  CONSTRAINT `seleksi_ibfk_1` FOREIGN KEY (`jenis_seleksi`) REFERENCES `jenis_seleksi` (`jenis_seleksi`)
) ENGINE=InnoDB AUTO_INCREMENT=331 DEFAULT CHARSET=utf8mb4 COLLATE=utf8mb4_general_ci;
/*!40101 SET character_set_client = @saved_cs_client */;

--
-- Dumping data for table `seleksi`
--

LOCK TABLES `seleksi` WRITE;
/*!40000 ALTER TABLE `seleksi` DISABLE KEYS */;
INSERT INTO `seleksi` VALUES
(1,'2023-04-01','wawancara'),
(2,'2023-04-04','wawancara'),
(3,'2023-04-06','wawancara'),
(4,'2023-04-07','wawancara'),
(5,'2023-04-18','wawancara'),
(6,'2023-04-27','wawancara'),
(7,'2023-04-01','wawancara'),
(8,'2023-04-04','wawancara'),
(9,'2023-04-05','wawancara'),
(10,'2023-04-01','wawancara'),
(11,'2023-04-14','wawancara'),
(12,'2023-04-18','wawancara'),
(13,'2023-04-18','wawancara'),
(14,'2023-04-02','wawancara'),
(15,'2023-04-16','wawancara'),
(16,'2023-04-29','wawancara'),
(17,'2023-04-05','wawancara'),
(18,'2023-04-09','wawancara'),
(19,'2023-04-05','wawancara'),
(20,'2023-04-05','wawancara'),
(21,'2023-04-13','wawancara'),
(22,'2023-04-08','wawancara'),
(23,'2023-04-19','wawancara'),
(24,'2023-03-31','wawancara'),
(25,'2023-04-13','wawancara'),
(26,'2023-04-19','wawancara'),
(27,'2023-04-15','wawancara'),
(28,'2023-04-18','wawancara'),
(29,'2023-04-22','wawancara'),
(30,'2023-04-05','wawancara'),
(31,'2023-04-23','wawancara'),
(32,'2023-04-14','wawancara'),
(33,'2023-04-05','wawancara'),
(34,'2023-04-25','wawancara'),
(35,'2023-04-24','wawancara'),
(36,'2023-04-16','wawancara'),
(37,'2023-04-22','wawancara'),
(38,'2023-04-24','wawancara'),
(39,'2023-04-14','wawancara'),
(40,'2023-04-01','wawancara'),
(41,'2023-04-29','wawancara'),
(42,'2023-04-12','wawancara'),
(43,'2023-04-26','wawancara'),
(44,'2023-04-16','wawancara'),
(45,'2023-04-07','wawancara'),
(46,'2023-04-07','wawancara'),
(47,'2023-04-21','wawancara'),
(48,'2023-04-13','wawancara'),
(49,'2023-04-28','wawancara'),
(50,'2023-04-22','wawancara'),
(51,'2023-04-29','wawancara'),
(52,'2023-04-09','wawancara'),
(53,'2023-04-30','wawancara'),
(54,'2023-04-11','wawancara'),
(55,'2023-04-16','wawancara'),
(56,'2023-04-12','wawancara'),
(57,'2023-04-13','wawancara'),
(58,'2023-04-20','wawancara'),
(59,'2023-04-22','wawancara'),
(60,'2023-04-28','wawancara'),
(61,'2023-04-24','wawancara'),
(62,'2023-04-07','wawancara'),
(63,'2023-03-31','wawancara'),
(64,'2023-04-15','wawancara'),
(65,'2023-04-02','wawancara'),
(66,'2023-04-03','wawancara'),
(67,'2023-04-01','wawancara'),
(68,'2023-04-04','wawancara'),
(69,'2023-04-05','wawancara'),
(70,'2023-04-10','wawancara'),
(71,'2023-04-16','wawancara'),
(72,'2023-04-03','wawancara'),
(73,'2023-04-20','wawancara'),
(74,'2023-04-11','wawancara'),
(75,'2023-04-27','wawancara'),
(76,'2023-04-16','wawancara'),
(77,'2023-04-22','wawancara'),
(78,'2023-04-02','wawancara'),
(79,'2023-04-29','wawancara'),
(80,'2023-04-29','wawancara'),
(81,'2023-04-15','wawancara'),
(82,'2023-04-11','wawancara'),
(83,'2023-04-08','wawancara'),
(84,'2023-04-18','wawancara'),
(85,'2023-04-25','wawancara'),
(86,'2023-04-17','wawancara'),
(87,'2023-04-01','wawancara'),
(88,'2023-04-23','wawancara'),
(89,'2023-04-10','wawancara'),
(90,'2023-04-17','wawancara'),
(91,'2023-04-19','wawancara'),
(92,'2023-04-08','wawancara'),
(93,'2023-04-08','wawancara'),
(94,'2023-04-11','wawancara'),
(95,'2023-04-02','wawancara'),
(96,'2023-04-16','wawancara'),
(97,'2023-04-02','wawancara'),
(98,'2023-04-14','wawancara'),
(99,'2023-04-26','wawancara'),
(100,'2023-04-15','wawancara'),
(101,'2023-04-24','wawancara'),
(102,'2023-04-20','wawancara'),
(103,'2023-04-04','wawancara'),
(104,'2023-04-06','wawancara'),
(105,'2023-04-19','wawancara'),
(106,'2023-04-21','wawancara'),
(107,'2023-04-06','wawancara'),
(108,'2023-04-29','wawancara'),
(109,'2023-04-02','wawancara'),
(110,'2023-04-23','wawancara'),
(111,'2023-04-25','wawancara'),
(112,'2023-04-14','wawancara'),
(113,'2023-04-08','wawancara'),
(114,'2023-04-04','wawancara'),
(115,'2023-04-01','wawancara'),
(116,'2023-04-06','wawancara'),
(117,'2023-04-08','wawancara'),
(118,'2023-04-14','wawancara'),
(119,'2023-04-18','wawancara'),
(120,'2023-04-16','wawancara'),
(121,'2023-04-24','wawancara'),
(122,'2023-04-28','wawancara'),
(123,'2023-04-16','wawancara'),
(124,'2023-04-03','wawancara'),
(125,'2023-04-25','wawancara'),
(126,'2023-04-20','wawancara'),
(127,'2023-04-21','wawancara'),
(128,'2023-04-14','wawancara'),
(129,'2023-04-14','wawancara'),
(130,'2023-04-24','wawancara'),
(131,'2023-04-21','wawancara'),
(132,'2023-04-08','wawancara'),
(133,'2023-04-14','wawancara'),
(134,'2023-04-19','wawancara'),
(135,'2023-04-05','wawancara'),
(136,'2023-04-14','wawancara'),
(137,'2023-04-22','wawancara'),
(138,'2023-04-11','wawancara'),
(139,'2023-04-19','wawancara'),
(140,'2023-04-27','wawancara'),
(141,'2023-04-25','wawancara'),
(142,'2023-04-30','wawancara'),
(143,'2023-04-13','wawancara'),
(144,'2023-04-22','wawancara'),
(145,'2023-04-24','wawancara'),
(146,'2023-04-06','wawancara'),
(147,'2023-04-22','wawancara'),
(148,'2023-04-15','wawancara'),
(149,'2023-04-11','wawancara'),
(150,'2023-04-02','wawancara'),
(151,'2023-04-16','wawancara'),
(152,'2023-04-22','wawancara'),
(153,'2023-04-13','wawancara'),
(154,'2023-04-14','wawancara'),
(155,'2023-04-26','wawancara'),
(156,'2023-04-15','wawancara'),
(157,'2023-03-31','wawancara'),
(158,'2023-04-20','wawancara'),
(159,'2023-04-26','wawancara'),
(160,'2023-04-02','wawancara'),
(161,'2023-04-05','wawancara'),
(162,'2023-04-10','wawancara'),
(163,'2023-04-28','wawancara'),
(164,'2023-04-10','wawancara'),
(165,'2023-04-02','wawancara'),
(166,'2023-04-09','wawancara'),
(167,'2023-04-09','wawancara'),
(168,'2023-04-24','wawancara'),
(169,'2023-04-20','wawancara'),
(170,'2023-04-27','wawancara'),
(171,'2023-04-04','wawancara'),
(172,'2023-04-08','wawancara'),
(173,'2023-04-23','wawancara'),
(174,'2023-04-16','wawancara'),
(175,'2023-04-09','wawancara'),
(176,'2023-04-27','wawancara'),
(177,'2023-04-04','wawancara'),
(178,'2023-04-01','wawancara'),
(179,'2023-04-19','wawancara'),
(180,'2023-04-11','wawancara'),
(181,'2023-04-08','wawancara'),
(182,'2023-04-21','wawancara'),
(183,'2023-04-12','wawancara'),
(184,'2023-04-26','wawancara'),
(185,'2023-04-08','wawancara'),
(186,'2023-04-29','wawancara'),
(187,'2023-04-24','wawancara'),
(188,'2023-04-17','wawancara'),
(189,'2023-04-23','wawancara'),
(190,'2023-04-05','wawancara'),
(191,'2023-04-03','wawancara'),
(192,'2023-04-30','wawancara'),
(193,'2023-04-19','wawancara'),
(194,'2023-04-29','wawancara'),
(195,'2023-04-07','wawancara'),
(196,'2023-04-08','wawancara'),
(197,'2023-04-24','wawancara'),
(198,'2023-04-05','wawancara'),
(199,'2023-04-14','wawancara'),
(200,'2023-04-16','wawancara'),
(201,'2023-04-11','wawancara'),
(202,'2023-04-04','wawancara'),
(203,'2023-04-17','wawancara'),
(204,'2023-04-09','wawancara'),
(205,'2023-04-03','wawancara'),
(206,'2023-04-24','wawancara'),
(207,'2023-04-19','wawancara'),
(208,'2023-04-10','wawancara'),
(209,'2023-04-17','wawancara'),
(210,'2023-04-08','wawancara'),
(211,'2023-04-13','wawancara'),
(212,'2023-04-17','wawancara'),
(213,'2023-04-21','wawancara'),
(214,'2023-04-30','wawancara'),
(215,'2023-04-05','wawancara'),
(216,'2023-04-18','wawancara'),
(217,'2023-04-28','wawancara'),
(218,'2023-04-09','wawancara'),
(219,'2023-04-08','wawancara'),
(220,'2023-04-05','wawancara'),
(221,'2023-04-16','wawancara'),
(222,'2023-04-15','wawancara'),
(223,'2023-04-02','wawancara'),
(224,'2023-04-12','wawancara'),
(225,'2023-04-17','wawancara'),
(226,'2023-04-14','wawancara'),
(227,'2023-04-07','wawancara'),
(228,'2023-04-26','wawancara'),
(229,'2023-04-07','wawancara'),
(230,'2023-04-30','wawancara'),
(231,'2023-04-18','wawancara'),
(232,'2023-04-24','wawancara'),
(233,'2023-04-23','wawancara'),
(234,'2023-04-07','wawancara'),
(235,'2023-04-14','wawancara'),
(236,'2023-04-21','wawancara'),
(237,'2023-04-24','wawancara'),
(238,'2023-04-28','wawancara'),
(239,'2023-04-03','wawancara'),
(240,'2023-04-10','wawancara'),
(241,'2023-04-16','wawancara'),
(242,'2023-04-21','wawancara'),
(243,'2023-04-13','wawancara'),
(244,'2023-04-13','wawancara'),
(245,'2023-04-19','wawancara'),
(246,'2023-04-03','wawancara'),
(247,'2023-04-12','wawancara'),
(248,'2023-04-10','wawancara'),
(249,'2023-04-30','wawancara'),
(250,'2023-04-04','wawancara'),
(251,'2023-04-18','wawancara'),
(252,'2023-04-21','wawancara'),
(253,'2023-04-03','wawancara'),
(254,'2023-04-15','wawancara'),
(255,'2023-04-14','wawancara'),
(256,'2023-04-09','wawancara'),
(257,'2023-04-13','wawancara'),
(258,'2023-04-22','wawancara'),
(259,'2023-04-04','wawancara'),
(260,'2023-04-05','wawancara'),
(261,'2023-04-11','wawancara'),
(262,'2023-04-09','wawancara'),
(263,'2023-04-20','wawancara'),
(264,'2023-04-17','wawancara'),
(265,'2023-04-29','wawancara'),
(266,'2023-04-14','wawancara'),
(267,'2023-04-11','wawancara'),
(268,'2023-04-16','wawancara'),
(269,'2023-04-29','wawancara'),
(270,'2023-04-27','wawancara'),
(271,'2023-04-30','wawancara'),
(272,'2023-04-17','wawancara'),
(273,'2023-04-30','wawancara'),
(274,'2023-04-16','wawancara'),
(275,'2023-04-21','wawancara'),
(276,'2023-04-13','wawancara'),
(277,'2023-04-02','wawancara'),
(278,'2023-04-07','wawancara'),
(279,'2023-04-29','wawancara'),
(280,'2023-04-21','wawancara'),
(281,'2023-04-15','wawancara'),
(282,'2023-04-03','wawancara'),
(283,'2023-04-08','wawancara'),
(284,'2023-04-02','wawancara'),
(285,'2023-04-11','wawancara'),
(286,'2023-04-01','wawancara'),
(287,'2023-04-13','wawancara'),
(288,'2023-04-04','wawancara'),
(289,'2023-04-10','wawancara'),
(290,'2023-04-04','wawancara'),
(291,'2023-04-09','wawancara'),
(292,'2023-04-22','wawancara'),
(293,'2023-04-26','wawancara'),
(294,'2023-04-11','wawancara'),
(295,'2023-04-05','wawancara'),
(296,'2023-04-02','wawancara'),
(297,'2023-04-17','wawancara'),
(298,'2023-04-30','wawancara'),
(299,'2023-04-22','wawancara'),
(300,'2023-04-03','wawancara'),
(301,'2023-04-07','wawancara'),
(302,'2023-04-26','wawancara'),
(303,'2023-04-28','wawancara'),
(304,'2023-04-17','wawancara'),
(305,'2023-04-08','wawancara'),
(306,'2023-04-03','wawancara'),
(307,'2023-04-12','wawancara'),
(308,'2023-04-06','wawancara'),
(309,'2023-04-13','wawancara'),
(310,'2023-04-04','wawancara'),
(311,'2023-04-12','wawancara'),
(312,'2023-04-09','wawancara'),
(313,'2023-04-29','wawancara'),
(314,'2023-04-01','wawancara'),
(315,'2023-04-11','wawancara'),
(316,'2023-04-03','wawancara'),
(317,'2023-04-05','wawancara'),
(318,'2023-04-15','wawancara'),
(319,'2023-04-12','wawancara'),
(320,'2023-04-29','wawancara'),
(321,'2023-04-16','wawancara'),
(322,'2023-04-14','wawancara'),
(323,'2023-04-09','wawancara'),
(324,'2023-04-15','wawancara'),
(325,'2023-04-07','wawancara'),
(326,'2023-04-15','wawancara'),
(327,'2023-04-03','wawancara'),
(328,'2023-04-10','wawancara'),
(329,'2023-04-25','wawancara'),
(330,'2023-04-30','wawancara');
/*!40000 ALTER TABLE `seleksi` ENABLE KEYS */;
UNLOCK TABLES;

--
-- Table structure for table `seleksi_kesehatan`
--

DROP TABLE IF EXISTS `seleksi_kesehatan`;
/*!40101 SET @saved_cs_client     = @@character_set_client */;
/*!40101 SET character_set_client = utf8 */;
CREATE TABLE `seleksi_kesehatan` (
  `id_kesehatan` int(11) NOT NULL,
  `nama_rumah_sakit` varchar(255) DEFAULT NULL,
  `kota_rumah_sakit` varchar(255) DEFAULT NULL,
  `id_mahasiswa` int(11) DEFAULT NULL,
  `id_dokter` int(11) DEFAULT NULL,
  `nilai` int(10) unsigned DEFAULT NULL CHECK (`nilai` between 0 and 100),
  PRIMARY KEY (`id_kesehatan`),
  UNIQUE KEY `seleksi_kesehatan_mahasiswa_unique` (`id_mahasiswa`),
  KEY `id_dokter` (`id_dokter`),
  CONSTRAINT `seleksi_kesehatan_ibfk_1` FOREIGN KEY (`id_kesehatan`) REFERENCES `seleksi` (`id_seleksi`),
  CONSTRAINT `seleksi_kesehatan_ibfk_2` FOREIGN KEY (`id_mahasiswa`) REFERENCES `mahasiswa` (`id_mahasiswa`),
  CONSTRAINT `seleksi_kesehatan_ibfk_3` FOREIGN KEY (`id_dokter`) REFERENCES `dokter` (`id_dokter`)
) ENGINE=InnoDB DEFAULT CHARSET=utf8mb4 COLLATE=utf8mb4_general_ci;
/*!40101 SET character_set_client = @saved_cs_client */;

--
-- Dumping data for table `seleksi_kesehatan`
--

LOCK TABLES `seleksi_kesehatan` WRITE;
/*!40000 ALTER TABLE `seleksi_kesehatan` DISABLE KEYS */;
INSERT INTO `seleksi_kesehatan` VALUES
(3,'Towne - Reynolds','Midwest City',21,13,77),
(6,'Kautzer, Rath and Bruen','Port Woodrow',22,19,80),
(9,'Paucek, Goodwin and Renner','Lamontberg',23,58,89),
(12,'Swaniawski Group','Gardnerport',24,19,80),
(15,'West Inc','Verlaberg',25,16,72),
(18,'Beer - Flatley','South Eduardocester',26,49,82),
(21,'Wilderman - Larson','South Rossview',27,10,71),
(24,'Morissette, Flatley and Hyatt','Jurupa Valley',28,7,82),
(27,'Jakubowski, Fisher and Dickinson','Santa Clarita',29,37,75),
(30,'Adams, Bradtke and Hettinger','New Donavon',30,55,73),
(33,'Kozey - Williamson','West Chettown',31,52,81),
(36,'Pouros LLC','Huntington Park',32,52,87),
(39,'Gerlach - Runolfsson','Salem',33,1,78),
(42,'Buckridge, Mills and Gusikowski','Port Christville',34,19,84),
(45,'Hansen - Ullrich','Zackaryworth',35,46,85),
(48,'Metz - Quitzon','Fort Martinefurt',36,13,70),
(51,'Johns - Stiedemann','Wuckertcester',37,58,71),
(54,'Okuneva and Sons','Beattyhaven',38,4,92),
(57,'Leannon, Adams and Wiza','West Sidstead',39,46,77),
(60,'Stamm, Brekke and Roberts','Whittier',40,16,84),
(63,'Predovic, O\'Hara and Williamson','Schulistport',41,31,78),
(66,'Batz and Sons','Janestad',42,34,81),
(69,'Kulas LLC','Brycentown',43,22,80),
(72,'Frami, Rowe and Schuster','Powlowskifort',44,1,85),
(75,'Luettgen, Gusikowski and Cruickshank','Okunevaton',45,55,74),
(78,'Wunsch Inc','Fort Jefferystead',46,22,79),
(81,'VonRueden Inc','North Mercedes',47,43,90),
(84,'Murazik - Hudson','Langworthstead',48,1,84),
(87,'Batz Group','Luettgenside',49,55,81),
(90,'Lehner, Bartoletti and Bauch','Port Maxland',50,34,86),
(93,'Mayert Inc','Runteborough',51,25,77),
(96,'Considine - Smitham','New Clemmie',52,52,82),
(99,'Brown, Jakubowski and Vandervort','East Selmer',53,58,93),
(102,'Murazik and Sons','Wainoberg',54,34,72),
(105,'Lynch - Lakin','Kokomo',55,49,71),
(108,'Pagac, Sawayn and Jacobs','New Kameronside',56,16,85),
(111,'Heathcote LLC','East Jailyn',57,34,84),
(114,'Schiller Inc','South Paris',58,13,82),
(117,'Kris, Aufderhar and Flatley','Port Mableville',59,58,90),
(120,'Simonis Inc','Angelinaland',60,28,74),
(123,'Simonis - Pfannerstill','Fort Nasir',61,43,75),
(126,'Hamill - Kassulke','Lockmanfort',62,10,86),
(129,'McCullough - Nienow','Rolandoberg',63,55,78),
(132,'Rutherford, McKenzie and Mueller','Lake Breana',64,4,86),
(135,'Feest - Johnson','Collierfort',65,34,85),
(138,'Huel, Franey and Kiehn','Armandoborough',66,43,70),
(141,'Schowalter, Deckow and Orn','Fort Brennanboro',67,43,82),
(144,'Wolff Group','East Tabitha',68,19,86),
(147,'McCullough Group','Fort Esther',69,37,78),
(150,'Brakus - Price','Jonesboro',70,19,82),
(153,'Koepp Group','New Kittyview',71,43,78),
(156,'Quitzon Group','Windlerfurt',72,49,72),
(159,'Boyle - Keeling','Baton Rouge',73,55,70),
(162,'Gottlieb - Hayes','Maple Grove',74,40,88),
(165,'Hane - Luettgen','New Trudie',75,13,73),
(168,'Kuhic and Sons','Leuschkecester',76,40,83),
(171,'Maggio, Treutel and Stiedemann','Laynehaven',77,19,91),
(174,'Bauch - Morar','Torphyworth',78,55,80),
(177,'Von, Abernathy and Bartell','Labadieland',79,55,75),
(180,'Dare and Sons','East Shanna',80,43,74),
(183,'Kihn Inc','Creminland',81,43,73),
(186,'Kling - Witting','Marysville',82,28,78),
(189,'Hoeger Inc','Fritschfort',83,10,94),
(192,'Treutel Group','South Kayden',84,4,79),
(195,'D\'Amore - Gibson','Lompoc',85,34,71),
(198,'Marvin - Ondricka','Treutelworth',86,55,85),
(201,'Crooks, Kling and Wolff','North Izaiahburgh',87,34,75),
(204,'Schmidt, Hettinger and Wintheiser','Aliville',88,19,78),
(207,'Abbott - Abbott','Brekkeberg',89,58,95),
(210,'Wilkinson - Hilll','Marysville',90,13,78),
(213,'Pouros and Sons','Tremblayfield',91,28,70),
(216,'McClure, Rice and Johns','Emmerichmouth',92,37,91),
(219,'Greenfelder LLC','Alphonsomouth',93,37,73),
(222,'Corkery - Hayes','West Yoshiko',94,13,72),
(225,'Ledner, Harris and Dach','North Jerome',95,4,76),
(228,'Lueilwitz - Anderson','Port Kayleeworth',96,22,77),
(231,'Emard, Koss and Kuhlman','Jaquelinechester',97,43,77),
(234,'Cassin and Sons','Oceanside',98,16,91),
(237,'Wolf - Hilll','East Nadia',99,16,82),
(240,'Beier, Pfannerstill and Schowalter','South Alenaton',100,16,71),
(243,'Paucek - Maggio','South Orvilleborough',101,19,94),
(246,'Daugherty - Barton','Greenwood',102,43,74),
(249,'Hintz - Ledner','Bogisichside',103,1,74),
(252,'Murray, Mertz and Beier','Lake Deondrebury',104,46,71),
(255,'Langosh Group','South Matilde',105,19,80),
(258,'Conn - Volkman','Salinas',106,19,78),
(261,'Bechtelar LLC','Hicklecester',107,4,75),
(264,'Abbott, Boyle and Sporer','Wisokytown',108,7,73),
(267,'Haag, Emard and Kreiger','Cleoton',109,43,94),
(270,'Predovic, Harvey and D\'Amore','Langborough',110,4,95),
(273,'Ebert, Senger and Gorczany','St. Charles',111,25,87),
(276,'Rohan, Bruen and Ferry','Quintencester',112,52,92),
(279,'Rolfson and Sons','North Tara',113,13,88),
(282,'Gusikowski Group','Nicolastown',114,10,86),
(285,'Wisoky, Schiller and Schaefer','North Nikki',115,28,86),
(288,'Mueller - O\'Connell','Koreyshire',116,28,90),
(291,'Schowalter, Watsica and Ernser','West Sacramento',117,7,88),
(294,'Robel - Crist','Sunrise Manor',118,49,92),
(297,'Gusikowski - Terry','Schneiderfield',119,49,90),
(300,'Quitzon, Green and Herman','Lake Mayeville',120,34,89),
(303,'Bernhard, Haley and Mitchell','North Emiliano',121,49,90),
(306,'Heidenreich - Gerhold','Chanelchester',122,58,93),
(309,'Ankunding - Block','Berkeley',123,55,86),
(312,'Bashirian - Hodkiewicz','Port Aurelioville',124,34,95),
(315,'Weber, Maggio and Wilderman','South Jevonfield',125,55,94),
(318,'Ondricka Inc','Earnestburgh',126,52,95),
(321,'Conroy, Waelchi and Spinka','West Haven',127,31,90),
(324,'Heller - Collier','Niagara Falls',128,55,85),
(327,'Hills - Kessler','Katrinaview',129,1,90),
(330,'Tromp, Schiller and Tremblay','New Cielo',130,16,85);
/*!40000 ALTER TABLE `seleksi_kesehatan` ENABLE KEYS */;
UNLOCK TABLES;
/*!50003 SET @saved_cs_client      = @@character_set_client */ ;
/*!50003 SET @saved_cs_results     = @@character_set_results */ ;
/*!50003 SET @saved_col_connection = @@collation_connection */ ;
/*!50003 SET character_set_client  = utf8mb4 */ ;
/*!50003 SET character_set_results = utf8mb4 */ ;
/*!50003 SET collation_connection  = utf8mb4_general_ci */ ;
/*!50003 SET @saved_sql_mode       = @@sql_mode */ ;
/*!50003 SET sql_mode              = 'IGNORE_SPACE,STRICT_TRANS_TABLES,ERROR_FOR_DIVISION_BY_ZERO,NO_AUTO_CREATE_USER,NO_ENGINE_SUBSTITUTION' */ ;
DELIMITER ;;
/*!50003 CREATE*/ /*!50017 DEFINER=`basdat`@`localhost`*/ /*!50003 TRIGGER check_has_psikotes BEFORE INSERT ON seleksi_kesehatan
    FOR EACH ROW
BEGIN
    DECLARE psikotes_count INT;

    SELECT COUNT(*)
    INTO psikotes_count
    FROM psikotes
    WHERE psikotes.id_mahasiswa = NEW.id_mahasiswa;

    IF psikotes_count != 1 THEN
        SIGNAL SQLSTATE '45000'
            SET MESSAGE_TEXT = 'mahasiswa harus melalui tahap psikotes terlebih dahulu';
    END IF;
END */;;
DELIMITER ;
/*!50003 SET sql_mode              = @saved_sql_mode */ ;
/*!50003 SET character_set_client  = @saved_cs_client */ ;
/*!50003 SET character_set_results = @saved_cs_results */ ;
/*!50003 SET collation_connection  = @saved_col_connection */ ;

--
-- Table structure for table `wawancara`
--

DROP TABLE IF EXISTS `wawancara`;
/*!40101 SET @saved_cs_client     = @@character_set_client */;
/*!40101 SET character_set_client = utf8 */;
CREATE TABLE `wawancara` (
  `id_wawancara` int(11) NOT NULL,
  `jenis_wawancara` varchar(255) DEFAULT NULL,
  `sesi_wawancara` varchar(255) DEFAULT NULL,
  `id_mahasiswa` int(11) DEFAULT NULL,
  `nilai` int(10) unsigned DEFAULT NULL CHECK (`nilai` between 0 and 100),
  PRIMARY KEY (`id_wawancara`),
  UNIQUE KEY `wawancara_mahasiswa_unique` (`id_mahasiswa`),
  CONSTRAINT `wawancara_ibfk_1` FOREIGN KEY (`id_wawancara`) REFERENCES `seleksi` (`id_seleksi`),
  CONSTRAINT `wawancara_ibfk_2` FOREIGN KEY (`id_mahasiswa`) REFERENCES `mahasiswa` (`id_mahasiswa`)
) ENGINE=InnoDB DEFAULT CHARSET=utf8mb4 COLLATE=utf8mb4_general_ci;
/*!40101 SET character_set_client = @saved_cs_client */;

--
-- Dumping data for table `wawancara`
--

LOCK TABLES `wawancara` WRITE;
/*!40000 ALTER TABLE `wawancara` DISABLE KEYS */;
INSERT INTO `wawancara` VALUES
(1,'online','Siang',21,69),
(4,'offline','Siang',22,84),
(7,'offline','Sore',23,78),
(10,'offline','Sore',24,62),
(13,'offline','Siang',25,85),
(16,'offline','Siang',26,83),
(19,'offline','Pagi',27,74),
(22,'offline','Sore',28,62),
(25,'offline','Pagi',29,91),
(28,'online','Sore',30,63),
(31,'online','Sore',31,70),
(34,'offline','Siang',32,50),
(37,'online','Pagi',33,78),
(40,'offline','Sore',34,82),
(43,'online','Pagi',35,92),
(46,'offline','Siang',36,57),
(49,'online','Pagi',37,68),
(52,'online','Siang',38,94),
(55,'offline','Pagi',39,44),
(58,'offline','Sore',40,85),
(61,'offline','Sore',41,94),
(64,'offline','Pagi',42,63),
(67,'offline','Siang',43,78),
(70,'offline','Siang',44,93),
(73,'online','Pagi',45,67),
(76,'offline','Siang',46,62),
(79,'offline','Sore',47,85),
(82,'offline','Pagi',48,65),
(85,'offline','Sore',49,90),
(88,'online','Siang',50,82),
(91,'offline','Sore',51,78),
(94,'online','Sore',52,42),
(97,'offline','Sore',53,44),
(100,'offline','Siang',54,75),
(103,'online','Sore',55,59),
(106,'offline','Sore',56,83),
(109,'online','Siang',57,46),
(112,'offline','Sore',58,73),
(115,'offline','Sore',59,54),
(118,'online','Sore',60,52),
(121,'offline','Sore',61,82),
(124,'offline','Pagi',62,81),
(127,'online','Siang',63,47),
(130,'online','Pagi',64,66),
(133,'online','Sore',65,93),
(136,'online','Sore',66,55),
(139,'online','Sore',67,87),
(142,'online','Siang',68,89),
(145,'online','Pagi',69,48),
(148,'online','Pagi',70,87),
(151,'online','Siang',71,95),
(154,'online','Sore',72,78),
(157,'offline','Pagi',73,81),
(160,'offline','Siang',74,91),
(163,'online','Sore',75,60),
(166,'offline','Sore',76,77),
(169,'offline','Pagi',77,44),
(172,'offline','Siang',78,46),
(175,'online','Siang',79,81),
(178,'offline','Pagi',80,81),
(181,'offline','Pagi',81,76),
(184,'online','Pagi',82,55),
(187,'offline','Siang',83,74),
(190,'online','Pagi',84,73),
(193,'online','Siang',85,64),
(196,'offline','Sore',86,52),
(199,'online','Sore',87,55),
(202,'online','Siang',88,88),
(205,'online','Sore',89,81),
(208,'offline','Sore',90,71),
(211,'offline','Siang',91,87),
(214,'offline','Pagi',92,82),
(217,'offline','Sore',93,42),
(220,'offline','Pagi',94,81),
(223,'offline','Sore',95,91),
(226,'online','Pagi',96,74),
(229,'offline','Pagi',97,93),
(232,'online','Pagi',98,50),
(235,'online','Pagi',99,60),
(238,'online','Sore',100,85),
(241,'offline','Sore',101,70),
(244,'online','Sore',102,61),
(247,'offline','Siang',103,61),
(250,'online','Sore',104,89),
(253,'online','Siang',105,57),
(256,'offline','Siang',106,55),
(259,'online','Siang',107,84),
(262,'offline','Sore',108,60),
(265,'online','Siang',109,77),
(268,'online','Sore',110,68),
(271,'online','Sore',111,92),
(274,'offline','Siang',112,84),
(277,'offline','Siang',113,90),
(280,'online','Pagi',114,89),
(283,'offline','Pagi',115,94),
(286,'offline','Pagi',116,82),
(289,'offline','Siang',117,81),
(292,'offline','Siang',118,84),
(295,'online','Pagi',119,90),
(298,'online','Sore',120,81),
(301,'offline','Sore',121,86),
(304,'offline','Sore',122,94),
(307,'online','Sore',123,95),
(310,'online','Sore',124,90),
(313,'online','Pagi',125,84),
(316,'online','Sore',126,95),
(319,'online','Pagi',127,85),
(322,'offline','Sore',128,94),
(325,'offline','Pagi',129,95),
(328,'offline','Siang',130,82);
/*!40000 ALTER TABLE `wawancara` ENABLE KEYS */;
UNLOCK TABLES;

--
-- Final view structure for view `data_kelulusan_seleksi`
--

/*!50001 DROP VIEW IF EXISTS `data_kelulusan_seleksi`*/;
/*!50001 SET @saved_cs_client          = @@character_set_client */;
/*!50001 SET @saved_cs_results         = @@character_set_results */;
/*!50001 SET @saved_col_connection     = @@collation_connection */;
/*!50001 SET character_set_client      = utf8mb4 */;
/*!50001 SET character_set_results     = utf8mb4 */;
/*!50001 SET collation_connection      = utf8mb4_general_ci */;
/*!50001 CREATE ALGORITHM=UNDEFINED */
/*!50013 DEFINER=`root`@`localhost` SQL SECURITY DEFINER */
/*!50001 VIEW `data_kelulusan_seleksi` AS (select 'Seleksi Dokumen' AS `seleksi`,count(distinct `lampiran`.`id_mahasiswa`) AS `total`,'null' AS `nilai_avg`,'null' AS `nilai_max`,'null' AS `nilai_min` from `lampiran` where `lampiran`.`id_mahasiswa` in (select `lampiran`.`id_mahasiswa` from `lampiran` group by `lampiran`.`id_mahasiswa` having count(`lampiran`.`id_lampiran`) = 3)) union (select 'seleksi wawancara' AS `seleksi`,count(`wawancara`.`id_mahasiswa`) AS `total`,avg(`wawancara`.`nilai`) AS `nilai_rata`,max(`wawancara`.`nilai`) AS `nilai_maksimum`,min(`wawancara`.`nilai`) AS `nilai_minimum` from (`wawancara` join `jenis_seleksi`) where `jenis_seleksi`.`jenis_seleksi` = 'wawancara' and `wawancara`.`nilai` >= `jenis_seleksi`.`passing_grade`) union (select 'seleksi psikotes' AS `seleksi`,count(`psikotes`.`id_mahasiswa`) AS `total`,avg(`psikotes`.`nilai`) AS `nilai_rata`,max(`psikotes`.`nilai`) AS `nilai_maksimum`,min(`psikotes`.`nilai`) AS `nilai_minimum` from (`psikotes` join `jenis_seleksi`) where `jenis_seleksi`.`jenis_seleksi` = 'psikotes' and `psikotes`.`nilai` >= `jenis_seleksi`.`passing_grade`) union (select 'seleksi kesehatan' AS `seleksi`,count(`seleksi_kesehatan`.`id_mahasiswa`) AS `total`,avg(`seleksi_kesehatan`.`nilai`) AS `nilai_rata`,max(`seleksi_kesehatan`.`nilai`) AS `nilai_maksimum`,min(`seleksi_kesehatan`.`nilai`) AS `nilai_minimum` from (`seleksi_kesehatan` join `jenis_seleksi`) where `jenis_seleksi`.`jenis_seleksi` = 'kesehatan' and `seleksi_kesehatan`.`nilai` >= `jenis_seleksi`.`passing_grade`) */;
/*!50001 SET character_set_client      = @saved_cs_client */;
/*!50001 SET character_set_results     = @saved_cs_results */;
/*!50001 SET collation_connection      = @saved_col_connection */;
/*!40103 SET TIME_ZONE=@OLD_TIME_ZONE */;

/*!40101 SET SQL_MODE=@OLD_SQL_MODE */;
/*!40014 SET FOREIGN_KEY_CHECKS=@OLD_FOREIGN_KEY_CHECKS */;
/*!40014 SET UNIQUE_CHECKS=@OLD_UNIQUE_CHECKS */;
/*!40101 SET CHARACTER_SET_CLIENT=@OLD_CHARACTER_SET_CLIENT */;
/*!40101 SET CHARACTER_SET_RESULTS=@OLD_CHARACTER_SET_RESULTS */;
/*!40101 SET COLLATION_CONNECTION=@OLD_COLLATION_CONNECTION */;
/*!40111 SET SQL_NOTES=@OLD_SQL_NOTES */;

-- Dump completed on 2023-05-04  2:59:18
